S.No.,Category,State/UT,Road_Accidents_January,Road_Accidents_February,Road_Accidents_March,Road_Accidents_April,Road_Accidents_May,Road_Accidents_June,Road_Accidents_July,Road_Accidents_August,Road_Accidents_September,Road_Accidents_October,Road_Accidents_November,Road_Accidents_December,Road_Accidents_Total,Railway_Crossing_Accidents_January,Railway_Crossing_Accidents_February,Railway_Crossing_Accidents_March,Railway_Crossing_Accidents_April,Railway_Crossing_Accidents_May,Railway_Crossing_Accidents_June,Railway_Crossing_Accidents_July,Railway_Crossing_Accidents_August,Railway_Crossing_Accidents_September,Railway_Crossing_Accidents_October,Railway_Crossing_Accidents_November,Railway_Crossing_Accidents_December,Railway_Crossing_Accidents_Total,Railway_Accidents_January,Railway_Accidents_February,Railway_Accidents_March,Railway_Accidents_April,Railway_Accidents_May,Railway_Accidents_June,Railway_Accidents_July,Railway_Accidents_August,Railway_Accidents_September,Railway_Accidents_October,Railway_Accidents_November,Railway_Accidents_December,Railway_Accidents_Total,Total_Traffic_Accidents_January,Total_Traffic_Accidents_February,Total_Traffic_Accidents_March,Total_Traffic_Accidents_April,Total_Traffic_Accidents_May,Total_Traffic_Accidents_June,Total_Traffic_Accidents_July,Total_Traffic_Accidents_August,Total_Traffic_Accidents_September,Total_Traffic_Accidents_October,Total_Traffic_Accidents_November,Total_Traffic_Accidents_December,Total_Traffic_Accidents_Total,year
1,State,ANDHRA PRADESH,1868,1970,1917,2041,2067,1896,2086,1793,1758,1824,1736,1883,22839,27,18,23,21,30,23,26,19,22,21,17,21,268,98,75,95,93,109,92,111,88,90,108,84,86,1129,1993,2063,2035,2155,2206,2011,2223,1900,1870,1953,1837,1990,24236,2015
2,State,ARUNACHAL PRADESH,26,28,26,15,12,14,23,24,24,22,40,30,284,0,0,0,0,0,0,0,0,0,0,0,0,0,0,0,0,0,0,0,1,0,0,0,0,0,1,26,28,26,15,12,14,24,24,24,22,40,30,285,2015
3,State,ASSAM,764,670,658,551,546,544,511,524,508,609,520,554,6959,3,1,0,2,0,0,0,0,0,2,1,1,10,52,44,42,55,38,72,55,54,80,58,64,50,664,819,715,700,608,584,616,566,578,588,669,585,605,7633,2015
4,State,BIHAR,713,753,806,817,1105,911,718,723,683,638,793,907,9567,3,1,3,0,0,1,0,0,0,3,1,3,15,143,141,167,143,163,193,171,156,152,148,162,150,1889,859,895,976,960,1268,1105,889,879,835,789,956,1060,11471,2015
5,State,CHHATTISGARH,1368,1245,1262,1323,1251,1201,1112,1158,1085,1154,1172,1115,14446,3,1,0,0,0,3,1,0,1,0,1,0,10,42,30,60,42,43,46,44,50,39,45,45,35,521,1413,1276,1322,1365,1294,1250,1157,1208,1125,1199,1218,1150,14977,2015
6,State,GOA,399,353,349,344,391,335,314,328,354,382,399,390,4338,0,1,3,1,0,0,2,3,0,0,1,0,11,3,3,4,4,2,3,1,3,4,2,5,2,36,402,357,356,349,393,338,317,334,358,384,405,392,4385,2015
7,State,GUJARAT,1983,1907,2020,1922,2154,1880,1656,1733,1827,2009,2111,2160,23362,8,6,7,9,11,6,9,13,14,7,10,12,112,75,67,86,87,106,92,101,91,95,105,93,86,1084,2066,1980,2113,2018,2271,1978,1766,1837,1936,2121,2214,2258,24558,2015
8,State,HARYANA,846,843,972,943,928,956,889,939,882,999,1068,1022,11287,85,90,109,97,122,123,136,106,124,101,107,90,1290,0,0,0,0,0,0,0,0,0,0,0,1,1,931,933,1081,1040,1050,1079,1025,1045,1006,1100,1175,1113,12578,2015
9,State,HIMACHAL PRADESH,208,182,218,219,273,296,281,241,280,299,274,239,3010,0,0,0,0,0,0,0,0,0,0,0,0,0,0,0,0,0,0,0,0,0,0,0,0,0,0,208,182,218,219,273,296,281,241,280,299,274,239,3010,2015
10,State,JAMMU & KASHMIR,410,391,407,441,533,490,561,524,514,555,522,499,5847,0,0,0,0,0,0,0,0,0,0,0,0,0,2,6,7,1,7,5,4,6,7,5,8,3,61,412,397,414,442,540,495,565,530,521,560,530,502,5908,2015
11,State,JHARKHAND,444,406,458,436,533,511,383,372,391,395,396,437,5162,0,1,1,5,0,0,0,0,1,2,0,0,10,19,27,24,29,23,13,24,11,17,15,19,6,227,463,434,483,470,556,524,407,383,409,412,415,443,5399,2015
12,State,KARNATAKA,3970,3594,3705,3657,4077,3619,3378,3334,3481,3731,3624,3841,44011,0,0,1,1,0,0,0,1,1,1,0,1,6,94,58,61,69,67,79,82,71,75,71,77,87,891,4064,3652,3767,3727,4144,3698,3460,3406,3557,3803,3701,3929,44908,2015
13,State,KERALA,3613,3270,3229,3114,3329,3124,3153,3226,3229,3257,3084,3386,39014,0,1,2,4,0,3,4,2,3,2,5,4,30,23,25,22,18,25,32,28,20,27,31,21,27,299,3636,3296,3253,3136,3354,3159,3185,3248,3259,3290,3110,3417,39343,2015
14,State,MADHYA PRADESH,3401,3020,3541,3952,4033,3573,2991,3041,2978,3494,3444,3391,40859,14,15,21,18,25,19,22,13,18,20,17,22,224,154,136,163,172,188,155,146,144,151,159,122,127,1817,3569,3171,3725,4142,4246,3747,3159,3198,3147,3673,3583,3540,42900,2015
15,State,MAHARASHTRA,3571,3445,3657,3700,3992,3435,3283,3255,3267,3439,3423,3783,42250,0,0,0,0,0,0,0,0,0,0,0,0,0,630,565,679,628,667,597,671,746,672,647,695,609,7806,4201,4010,4336,4328,4659,4032,3954,4001,3939,4086,4118,4392,50056,2015
16,State,MANIPUR,43,57,66,62,64,55,42,38,47,58,63,73,668,0,0,0,0,0,0,0,0,0,0,0,0,0,0,0,0,0,0,0,0,0,0,0,0,0,0,43,57,66,62,64,55,42,38,47,58,63,73,668,2015
17,State,MEGHALAYA,47,32,27,31,38,25,42,37,35,38,33,36,421,0,0,0,0,0,0,0,0,0,0,0,0,0,0,0,0,0,0,0,0,0,0,0,0,0,0,47,32,27,31,38,25,42,37,35,38,33,36,421,2015
18,State,MIZORAM,10,9,6,7,5,7,5,3,5,1,7,6,71,0,0,0,0,0,0,0,0,0,0,0,0,0,0,0,0,0,0,0,0,0,0,0,0,0,0,10,9,6,7,5,7,5,3,5,1,7,6,71,2015
19,State,NAGALAND,3,1,3,4,2,4,5,4,3,6,2,5,42,0,0,0,2,1,3,0,2,0,0,1,0,9,0,0,0,0,0,0,0,0,0,0,0,0,0,3,1,3,6,3,7,5,6,3,6,3,5,51,2015
20,State,ODISHA,976,891,1000,904,929,940,772,726,750,784,864,1006,10542,6,7,12,11,7,14,13,12,5,6,7,5,105,13,11,19,15,15,16,13,14,18,15,16,12,177,995,909,1031,930,951,970,798,752,773,805,887,1023,10824,2015
21,State,PUNJAB,482,504,540,544,562,546,549,524,520,675,644,612,6702,3,0,2,1,1,4,0,1,1,0,0,1,14,62,60,76,88,76,87,99,83,87,64,87,65,934,547,564,618,633,639,637,648,608,608,739,731,678,7650,2015
22,State,RAJASTHAN,1878,2023,2018,2125,2347,2117,1889,1803,1981,2020,2046,1825,24072,0,1,4,3,2,0,3,0,1,1,2,1,18,55,58,62,70,73,68,74,62,74,76,57,41,770,1933,2082,2084,2198,2422,2185,1966,1865,2056,2097,2105,1867,24860,2015
23,State,SIKKIM,25,21,22,18,19,21,17,16,16,12,9,15,211,0,0,0,0,0,0,0,0,0,0,0,0,0,0,0,0,0,0,0,0,0,0,0,0,0,0,25,21,22,18,19,21,17,16,16,12,9,15,211,2015
24,State,TAMIL NADU,6056,5723,5848,5546,5944,5818,5519,5912,5956,5977,5406,5354,69059,0,0,0,0,0,0,0,0,0,0,0,0,0,133,129,140,144,138,152,141,160,166,178,129,132,1742,6189,5852,5988,5690,6082,5970,5660,6072,6122,6155,5535,5486,70801,2015
25,State,TELANGANA,1781,1704,1781,1840,2126,1754,1835,1616,1498,1752,1727,1838,21252,1,2,0,1,0,2,0,0,0,0,0,2,8,81,85,104,108,132,99,100,110,88,95,69,69,1140,1863,1791,1885,1949,2258,1855,1935,1726,1586,1847,1796,1909,22400,2015
26,State,TRIPURA,47,42,57,44,51,51,53,53,64,62,59,64,647,0,0,0,0,0,0,0,0,0,0,0,0,0,0,0,0,0,0,0,0,0,0,0,0,0,0,47,42,57,44,51,51,53,53,64,62,59,64,647,2015
27,State,UTTAR PRADESH,2646,2521,2438,2372,2508,2317,2047,2146,2064,2128,2286,2622,28095,42,30,35,23,30,23,37,26,21,33,28,30,358,395,379,388,364,427,413,329,355,328,358,331,364,4431,3083,2930,2861,2759,2965,2753,2413,2527,2413,2519,2645,3016,32884,2015
28,State,UTTARAKHAND,116,129,119,109,139,123,103,114,123,160,144,144,1523,2,1,0,0,0,0,0,0,0,0,1,2,6,5,9,8,9,12,9,11,9,11,12,15,10,120,123,139,127,118,151,132,114,123,134,172,160,156,1649,2015
29,State,WEST BENGAL,1538,1361,1490,1415,1599,1593,1429,1336,1461,1545,1479,1460,17706,12,12,12,11,16,9,15,13,12,14,13,10,149,211,323,263,241,224,204,237,234,200,183,207,199,2726,1761,1696,1765,1667,1839,1806,1681,1583,1673,1742,1699,1669,20581,2015
30,Union Territories,A & N ISLANDS,27,23,23,17,25,26,18,15,26,15,23,20,258,0,0,0,0,0,0,0,0,0,0,0,0,0,0,0,0,0,0,0,0,0,0,0,0,0,0,27,23,23,17,25,26,18,15,26,15,23,20,258,2015
31,Union Territories,CHANDIGARH,39,37,44,30,26,34,29,24,40,28,41,41,413,0,0,0,0,0,0,0,0,0,0,0,0,0,0,0,0,0,0,0,0,0,0,0,0,0,0,39,37,44,30,26,34,29,24,40,28,41,41,413,2015
32,Union Territories,D & N HAVELI,4,5,6,3,9,8,6,7,3,8,5,5,69,0,0,0,0,0,0,0,0,0,0,0,0,0,0,0,0,0,0,0,0,0,0,0,0,0,0,4,5,6,3,9,8,6,7,3,8,5,5,69,2015
33,Union Territories,DAMAN & DIU,3,3,7,8,5,8,5,2,7,3,10,9,70,0,0,0,0,0,0,0,0,0,0,0,0,0,0,0,0,0,0,0,0,0,0,0,0,0,0,3,3,7,8,5,8,5,2,7,3,10,9,70,2015
34,Union Territories,DELHI (UT),656,586,713,646,620,621,710,684,670,759,693,727,8085,1,3,0,1,2,1,2,0,4,1,1,0,16,70,70,89,91,57,66,73,96,69,100,86,71,938,727,659,802,738,679,688,785,780,743,860,780,798,9039,2015
35,Union Territories,LAKSHADWEEP,1,1,0,0,0,0,1,0,0,0,0,0,3,0,0,0,0,0,0,0,0,0,0,0,0,0,0,0,0,0,0,0,0,0,0,0,0,0,0,1,1,0,0,0,0,1,0,0,0,0,0,3,2015
36,Union Territories,PUDUCHERRY,128,115,125,130,133,129,135,131,134,123,123,124,1530,0,0,0,0,0,0,0,0,0,0,0,0,0,2,0,0,3,1,0,2,0,2,2,3,0,15,130,115,125,133,134,129,137,131,136,125,126,124,1545,2015
1,State,ANDHRA PRADESH,2033,1940,2106,2182,2011,1843,1843,2064,1813,1929,1892,2002,23658,7,14,18,13,14,23,23,17,15,20,15,10,189,123,106,96,118,99,96,100,106,85,98,96,80,1203,2163,2060,2220,2313,2124,1962,1966,2187,1913,2047,2003,2092,25050,2016
2,State,ARUNACHAL PRADESH,32,29,22,15,13,22,23,8,12,21,14,16,227,0,0,0,0,0,0,0,0,0,0,0,0,0,0,0,0,0,0,0,0,0,0,0,0,0,0,32,29,22,15,13,22,23,8,12,21,14,16,227,2016
3,State,ASSAM,716,684,669,606,616,548,523,548,554,645,577,584,7270,1,0,2,1,1,1,1,0,1,0,1,0,9,43,35,43,54,51,52,59,51,61,64,59,51,623,760,719,714,661,668,601,583,599,616,709,637,635,7902,2016
4,State,BIHAR,682,705,815,774,699,722,660,577,578,620,730,660,8222,10,3,5,7,6,3,1,8,5,3,7,11,69,125,128,127,143,137,155,165,156,138,150,140,127,1691,817,836,947,924,842,880,826,741,721,773,877,798,9982,2016
5,State,CHHATTISGARH,1397,1252,1183,1178,1258,1116,1040,944,988,1085,1069,1071,13581,8,8,4,5,6,7,4,4,5,6,5,1,63,39,33,35,45,34,47,33,31,33,35,37,38,440,1444,1293,1222,1228,1298,1170,1077,979,1026,1126,1111,1110,14084,2016
6,State,GOA,409,356,350,332,412,311,321,303,323,387,356,444,4304,0,0,0,0,0,0,0,0,0,0,0,0,0,3,3,5,4,3,3,2,5,6,3,3,1,41,412,359,355,336,415,314,323,308,329,390,359,445,4345,2016
7,State,GUJARAT,1915,1848,1840,1953,2074,1810,1612,1552,1580,1778,1774,1822,21558,22,11,13,18,16,15,21,20,14,19,10,7,186,64,65,66,69,92,88,90,89,81,84,75,65,928,2001,1924,1919,2040,2182,1913,1723,1661,1675,1881,1859,1894,22672,2016
8,State,HARYANA,827,921,982,954,905,917,901,916,960,1001,1043,998,11325,73,85,92,111,97,109,117,104,114,129,102,85,1218,0,0,0,0,0,0,0,0,0,0,0,0,0,900,1006,1074,1065,1002,1026,1018,1020,1074,1130,1145,1083,12543,2016
9,State,HIMACHAL PRADESH,223,215,239,286,270,292,278,293,243,314,261,239,3153,0,0,0,0,0,0,0,0,0,0,0,0,0,0,0,0,0,0,0,0,0,0,0,0,0,0,223,215,239,286,270,292,278,293,243,314,261,239,3153,2016
10,State,JAMMU & KASHMIR,420,442,461,442,560,560,441,397,392,486,444,432,5477,0,0,0,0,0,0,0,0,0,0,0,0,0,2,0,2,5,6,6,5,4,8,5,4,2,49,422,442,463,447,566,566,446,401,400,491,448,434,5526,2016
11,State,JHARKHAND,414,428,425,419,403,419,451,395,347,392,392,447,4932,2,5,4,1,3,7,3,1,4,2,3,2,37,32,35,35,38,38,33,52,31,35,33,45,32,439,448,468,464,458,444,459,506,427,386,427,440,481,5408,2016
12,State,KARNATAKA,3846,3676,3923,3960,4247,3517,3365,3542,3396,3647,3617,3700,44436,0,0,0,0,0,0,0,0,0,0,0,0,0,0,0,0,0,0,0,0,0,0,0,0,0,0,3846,3676,3923,3960,4247,3517,3365,3542,3396,3647,3617,3700,44436,2016
13,State,KERALA,3687,3379,3312,3211,3399,3151,3182,3221,3268,3218,3130,3262,39420,10,9,5,8,9,4,7,11,3,11,9,7,93,31,23,24,26,14,22,28,26,20,26,26,21,287,3728,3411,3341,3245,3422,3177,3217,3258,3291,3255,3165,3290,39800,2016
14,State,MADHYA PRADESH,5021,4633,4759,4731,4828,4260,3848,3463,3778,4439,4221,3963,51944,19,20,13,18,21,18,17,20,18,20,14,27,225,140,140,137,151,129,132,180,138,144,138,98,121,1648,5180,4793,4909,4900,4978,4410,4045,3621,3940,4597,4333,4111,53817,2016
15,State,MAHARASHTRA,3343,3189,3441,3325,3677,3201,2779,2784,2834,3052,2930,3331,37886,0,0,0,0,0,0,0,0,0,0,0,0,0,577,583,567,588,712,605,555,585,656,596,578,558,7160,3920,3772,4008,3913,4389,3806,3334,3369,3490,3648,3508,3889,45046,2016
16,State,MANIPUR,43,57,66,62,64,55,42,38,47,58,63,73,668,0,0,0,0,0,0,0,0,0,0,0,0,0,0,0,0,0,0,0,0,0,0,0,0,0,0,43,57,66,62,64,55,42,38,47,58,63,73,668,2016
17,State,MEGHALAYA,28,32,24,24,21,16,19,30,25,21,20,22,282,0,0,0,0,0,0,0,0,0,0,0,0,0,0,0,0,0,0,0,0,0,0,0,0,0,0,28,32,24,24,21,16,19,30,25,21,20,22,282,2016
18,State,MIZORAM,8,8,4,7,3,3,2,7,4,5,5,8,64,0,0,0,0,0,0,0,0,0,0,0,0,0,0,0,0,0,0,0,0,0,0,0,0,0,0,8,8,4,7,3,3,2,7,4,5,5,8,64,2016
19,State,NAGALAND,5,3,10,8,4,5,4,0,5,2,3,4,53,0,0,0,1,3,2,3,0,1,3,0,1,14,0,0,0,0,0,0,0,0,0,0,0,0,0,5,3,10,9,7,7,7,0,6,5,3,5,67,2016
20,State,ODISHA,1016,900,952,903,936,903,732,780,756,778,870,1006,10532,9,7,13,11,10,12,11,15,9,6,8,15,126,9,7,14,8,5,15,8,12,12,11,8,8,117,1034,914,979,922,951,930,751,807,777,795,886,1029,10775,2016
21,State,PUNJAB,547,555,583,587,609,590,515,541,487,663,709,566,6952,1,0,0,1,1,0,0,1,0,0,1,0,5,63,70,68,95,78,76,94,68,72,80,52,67,883,611,625,651,683,688,666,609,610,559,743,762,633,7840,2016
22,State,RAJASTHAN,2093,1912,2065,2088,2172,1921,1971,1691,1818,1881,1846,1608,23066,1,3,3,4,3,5,2,3,5,2,3,3,37,55,51,56,76,68,70,60,70,67,58,44,48,723,2149,1966,2124,2168,2243,1996,2033,1764,1890,1941,1893,1659,23826,2016
23,State,SIKKIM,22,16,18,17,25,17,14,16,18,26,16,18,223,0,0,0,0,0,0,0,0,0,0,0,0,0,0,0,0,0,0,0,0,0,0,0,0,0,0,22,16,18,17,25,17,14,16,18,26,16,18,223,2016
24,State,TAMIL NADU,6184,6160,6227,5993,6012,5953,5797,6295,6055,5977,5282,5496,71431,0,0,0,0,0,0,0,0,0,0,0,0,0,165,163,156,150,152,150,163,132,179,166,142,134,1852,6349,6323,6383,6143,6164,6103,5960,6427,6234,6143,5424,5630,73283,2016
25,State,TELANGANA,1777,1780,2035,2091,1958,1787,1721,1960,1676,1807,1988,2231,22811,0,0,0,0,0,0,0,0,0,0,0,0,0,52,60,75,68,78,78,96,110,57,90,74,64,902,1829,1840,2110,2159,2036,1865,1817,2070,1733,1897,2062,2295,23713,2016
26,State,TRIPURA,65,47,59,50,53,32,46,34,36,50,45,40,557,0,0,0,0,2,1,3,2,3,1,1,1,14,0,0,0,0,0,0,0,0,0,0,0,0,0,65,47,59,50,55,33,49,36,39,51,46,41,571,2016
27,State,UTTAR PRADESH,2795,2546,2728,2579,2597,2526,2376,2382,2204,2492,2618,2765,30608,69,43,59,38,66,62,55,52,42,43,34,71,634,320,276,265,258,290,291,276,268,260,257,275,265,3301,3184,2865,3052,2875,2953,2879,2707,2702,2506,2792,2927,3101,34543,2016
28,State,UTTARAKHAND,118,123,140,156,136,139,130,103,115,137,113,135,1545,4,5,3,2,3,2,4,3,2,2,2,1,33,3,0,1,1,1,0,0,1,1,0,3,2,13,125,128,144,159,140,141,134,107,118,139,118,138,1591,2016
29,State,WEST BENGAL,1407,1404,1442,1334,1446,1535,1421,1351,1348,1400,1352,1509,16949,20,9,13,12,16,14,8,14,19,16,11,13,165,215,203,210,186,230,244,259,241,233,279,200,190,2690,1642,1616,1665,1532,1692,1793,1688,1606,1600,1695,1563,1712,19804,2016
30,Union Territory,A & N ISLANDS,19,15,23,24,25,13,19,26,19,15,21,19,238,0,0,0,0,0,0,0,0,0,0,0,0,0,0,0,0,0,0,0,0,0,0,0,0,0,0,19,15,23,24,25,13,19,26,19,15,21,19,238,2016
31,Union Territory,CHANDIGARH,47,35,34,36,35,29,32,34,32,43,36,33,426,0,0,0,0,0,0,0,0,0,0,0,0,0,0,0,0,0,0,0,0,0,0,0,0,0,0,47,35,34,36,35,29,32,34,32,43,36,33,426,2016
32,Union Territory,D & N HAVELI,5,2,6,9,5,7,8,2,4,5,8,9,70,0,0,0,0,0,0,0,0,0,0,0,0,0,0,0,0,0,0,0,0,0,0,0,0,0,0,5,2,6,9,5,7,8,2,4,5,8,9,70,2016
33,Union Territory,DAMAN & DIU,2,4,1,3,0,3,9,3,7,3,3,5,43,0,0,0,0,0,0,0,0,0,0,0,0,0,0,0,0,0,0,0,0,0,0,0,0,0,0,2,4,1,3,0,3,9,3,7,3,3,5,43,2016
34,Union Territory,DELHI (UT),608,641,705,574,604,601,623,632,586,671,549,581,7375,2,1,2,0,1,0,0,0,0,0,0,0,6,63,58,68,95,78,88,76,96,85,94,79,54,934,673,700,775,669,683,689,699,728,671,765,628,635,8315,2016
35,Union Territory,LAKSHADWEEP,1,0,0,0,0,0,0,0,0,0,0,0,1,0,0,0,0,0,0,0,0,0,0,0,0,0,0,0,0,0,0,0,0,0,0,0,0,0,0,1,0,0,0,0,0,0,0,0,0,0,0,1,2016
36,Union Territory,PUDUCHERRY,174,123,160,151,145,157,151,149,134,161,124,134,1763,0,0,0,0,0,0,0,0,0,0,0,0,0,0,0,1,1,0,0,0,0,0,0,0,1,3,174,123,161,152,145,157,151,149,134,161,124,135,1766,2016
1,State,ANDHRA PRADESH,1967,1728,1968,1879,2042,1903,1733,1771,1799,1865,1936,1865,22456,0,0,0,0,0,0,0,0,0,0,0,0,0,122,75,102,109,132,126,110,121,113,138,98,116,1362,2089,1803,2070,1988,2174,2029,1843,1892,1912,2003,2034,1981,23818,2017
2,State,ARUNACHAL PRADESH,15,5,6,8,10,13,8,13,10,14,12,13,127,0,0,0,0,0,0,0,0,0,0,0,0,0,0,0,0,0,0,0,0,0,0,0,0,0,0,15,5,6,8,10,13,8,13,10,14,12,13,127,2017
3,State,ASSAM,625,675,621,507,539,509,470,524,515,598,614,608,6805,0,0,0,0,0,0,0,0,0,0,0,0,0,39,38,49,52,55,49,39,38,47,58,55,47,566,664,713,670,559,594,558,509,562,562,656,669,655,7371,2017
4,State,BIHAR,737,758,758,791,969,859,641,597,602,653,789,701,8855,19,19,18,23,22,24,27,27,13,15,19,13,239,185,159,131,142,156,115,122,137,116,105,71,90,1529,941,936,907,956,1147,998,790,761,731,773,879,804,10623,2017
5,State,CHHATTISGARH,1289,1109,1151,1037,1137,1193,1022,1095,1104,1076,1164,1186,13563,1,0,0,0,1,1,2,0,0,0,1,0,6,34,24,44,41,29,31,37,32,37,38,41,28,416,1324,1133,1195,1078,1167,1225,1061,1127,1141,1114,1206,1214,13985,2017
6,State,GOA,373,332,355,296,316,276,293,294,291,340,344,410,3920,0,0,0,0,0,0,0,0,0,0,0,0,0,4,4,6,6,4,4,10,4,4,1,3,2,52,377,336,361,302,320,280,303,298,295,341,347,412,3972,2017
7,State,GUJARAT,1593,1629,1672,1606,1806,1581,1237,1408,1424,1625,1515,1535,18631,0,0,0,0,0,0,0,0,0,0,0,0,0,77,90,68,79,108,93,71,94,96,87,81,74,1018,1670,1719,1740,1685,1914,1674,1308,1502,1520,1712,1596,1609,19649,2017
8,State,HARYANA,912,891,1003,970,1027,936,934,875,924,1043,1081,1086,11682,6,4,4,9,5,7,10,13,15,9,5,6,93,123,129,174,169,162,194,208,183,172,182,149,155,2000,1041,1024,1181,1148,1194,1137,1152,1071,1111,1234,1235,1247,13775,2017
9,State,HIMACHAL PRADESH,213,217,250,245,287,247,277,289,277,268,276,265,3111,0,0,0,0,0,0,0,0,0,0,0,0,0,0,0,0,0,0,0,0,0,0,0,0,0,0,213,217,250,245,287,247,277,289,277,268,276,265,3111,2017
10,State,JAMMU & KASHMIR,334,362,436,395,461,480,522,467,541,501,502,442,5443,0,0,0,0,0,0,0,0,0,0,0,0,0,8,4,7,5,6,4,4,5,8,7,5,2,65,342,366,443,400,467,484,526,472,549,508,507,444,5508,2017
11,State,JHARKHAND,472,435,461,401,470,452,380,364,361,413,485,504,5198,0,1,1,1,3,1,0,0,0,2,0,1,10,42,40,42,25,35,45,33,30,34,34,38,23,421,514,476,504,427,508,498,413,394,395,449,523,528,5629,2017
12,State,KARNATAKA,3787,3411,3574,3601,3997,3519,3179,3308,3247,3558,3501,3860,42542,0,0,0,0,0,0,0,0,0,0,0,0,0,0,1,1,1,0,1,1,1,0,0,0,0,6,3787,3412,3575,3602,3997,3520,3180,3309,3247,3558,3501,3860,42548,2017
13,State,KERALA,3430,3157,3167,3175,3480,2918,3028,3143,3169,3125,3308,3370,38470,10,11,13,9,16,13,10,10,20,10,15,18,155,21,33,32,22,31,21,23,27,22,26,29,31,318,3461,3201,3212,3206,3527,2952,3061,3180,3211,3161,3352,3419,38943,2017
14,State,MADHYA PRADESH,4318,3979,4172,4305,4728,4152,3713,3599,3665,3973,4273,3713,48590,9,8,14,13,13,8,14,13,16,7,8,5,128,107,121,117,135,168,155,130,114,108,111,76,77,1419,4434,4108,4303,4453,4909,4315,3857,3726,3789,4091,4357,3795,50137,2017
15,State,MAHARASHTRA,2575,2203,2670,2513,2785,2375,2162,2042,2155,2292,2363,2688,28823,0,0,0,0,0,0,0,0,0,0,0,0,0,542,493,546,559,630,579,559,594,607,573,561,575,6818,3117,2696,3216,3072,3415,2954,2721,2636,2762,2865,2924,3263,35641,2017
16,State,MANIPUR,49,61,55,39,48,50,43,47,50,40,56,48,586,0,0,0,0,0,0,0,0,0,0,0,0,0,0,0,0,0,0,0,0,0,0,0,0,0,0,49,61,55,39,48,50,43,47,50,40,56,48,586,2017
17,State,MEGHALAYA,29,29,24,28,25,15,28,16,15,20,28,29,286,0,0,0,0,0,0,0,0,0,0,0,0,0,0,0,0,0,0,0,0,0,0,0,0,0,0,29,29,24,28,25,15,28,16,15,20,28,29,286,2017
18,State,MIZORAM,6,6,5,11,5,6,2,1,7,9,3,4,65,0,0,0,0,0,0,0,0,0,0,0,0,0,0,0,0,0,0,0,0,0,0,0,0,0,0,6,6,5,11,5,6,2,1,7,9,3,4,65,2017
19,State,NAGALAND,3,3,9,5,6,4,10,4,2,6,3,5,60,2,1,0,0,0,1,2,1,0,0,0,2,9,0,0,0,0,0,0,0,0,0,0,0,0,0,5,4,9,5,6,5,12,5,2,6,3,7,69,2017
20,State,ODISHA,1012,783,1023,914,965,978,875,789,779,857,888,992,10855,0,0,0,0,0,0,1,0,0,0,0,0,1,34,35,34,35,32,30,22,34,30,36,28,30,380,1046,818,1057,949,997,1008,898,823,809,893,916,1022,11236,2017
21,State,PUNJAB,535,538,599,588,500,491,496,423,471,602,543,536,6322,1,0,0,0,1,0,0,0,0,1,0,0,3,60,53,83,48,72,60,88,78,72,86,71,71,842,596,591,682,636,573,551,584,501,543,689,614,607,7167,2017
22,State,RAJASTHAN,1940,1814,1948,1911,2115,1879,1684,1721,1725,1860,1928,1587,22112,0,0,0,0,0,0,0,0,0,0,0,0,0,48,40,54,56,55,59,55,53,45,49,49,44,607,1988,1854,2002,1967,2170,1938,1739,1774,1770,1909,1977,1631,22719,2017
23,State,SIKKIM,17,14,23,15,23,13,6,14,16,13,10,7,171,0,0,0,0,0,0,0,0,0,0,0,0,0,0,0,0,0,0,0,0,0,0,0,0,0,0,17,14,23,15,23,13,6,14,16,13,10,7,171,2017
24,State,TAMIL NADU,5752,5288,5716,5251,5715,5623,5737,5640,5302,5484,4908,5146,65562,0,0,0,0,2,0,0,0,1,0,0,0,3,160,174,178,155,190,142,152,184,185,187,158,165,2030,5912,5462,5894,5406,5907,5765,5889,5824,5488,5671,5066,5311,67595,2017
25,State,TELANGANA,1970,1851,1929,1973,2143,1792,1679,1729,1688,1692,1995,2043,22484,0,0,0,0,0,0,0,0,0,0,0,0,0,65,47,60,77,42,48,62,68,63,52,52,62,698,2035,1898,1989,2050,2185,1840,1741,1797,1751,1744,2047,2105,23182,2017
26,State,TRIPURA,42,40,39,44,54,35,39,36,45,37,41,52,504,2,2,1,4,3,2,0,1,1,4,1,3,24,1,1,1,1,0,1,0,0,0,1,1,0,7,45,43,41,49,57,38,39,37,46,42,43,55,535,2017
27,State,UTTAR PRADESH,3076,2696,2995,2900,3121,2869,2635,2619,2633,2846,2903,3286,34579,69,60,67,68,70,63,57,54,45,57,62,57,729,301,212,256,244,272,275,253,249,235,238,233,248,3016,3446,2968,3318,3212,3463,3207,2945,2922,2913,3141,3198,3591,38324,2017
28,State,UTTARAKHAND,131,116,133,129,154,137,124,114,129,128,142,143,1580,5,3,0,0,0,0,0,0,0,0,2,9,19,3,1,2,0,0,2,1,1,0,0,0,3,13,139,120,135,129,154,139,125,115,129,128,144,155,1612,2017
29,State,WEST BENGAL,1248,1097,1224,1166,1161,1203,1070,953,984,1020,1109,1075,13310,10,12,8,10,13,8,6,19,13,12,24,19,154,239,188,222,250,229,218,224,244,228,241,226,214,2723,1497,1297,1454,1426,1403,1429,1300,1216,1225,1273,1359,1308,16187,2017
30,Union Territory,A & N ISLANDS,22,21,12,17,10,16,9,17,15,17,20,13,189,0,0,0,0,0,0,0,0,0,0,0,0,0,0,0,0,0,0,0,0,0,0,0,0,0,0,22,21,12,17,10,16,9,17,15,17,20,13,189,2017
31,Union Territory,CHANDIGARH,34,23,33,36,21,24,34,22,23,32,34,20,336,0,0,0,0,0,0,0,0,0,0,0,0,0,0,0,0,0,0,0,0,0,0,0,0,0,0,34,23,33,36,21,24,34,22,23,32,34,20,336,2017
32,Union Territory,D & N HAVELI,6,6,9,3,8,3,10,4,3,4,4,7,67,0,0,0,0,0,0,0,0,0,0,0,0,0,0,0,0,0,0,0,0,0,0,0,0,0,0,6,6,9,3,8,3,10,4,3,4,4,7,67,2017
33,Union Territory,DAMAN & DIU,11,6,7,7,11,5,6,4,5,5,5,7,79,0,0,0,0,0,0,0,0,0,0,0,0,0,0,0,0,0,0,0,0,0,0,0,0,0,0,11,6,7,7,11,5,6,4,5,5,5,7,79,2017
34,Union Territory,DELHI (UT),595,544,559,537,568,510,545,546,561,616,548,543,6672,1,3,3,5,1,0,1,0,0,1,0,0,15,75,72,74,73,73,84,81,73,73,75,73,65,891,671,619,636,615,642,594,627,619,634,692,621,608,7578,2017
35,Union Territory,LAKSHADWEEP,0,0,0,0,0,2,0,0,0,0,0,0,2,0,0,0,0,0,0,0,0,0,0,0,0,0,0,0,0,0,0,0,0,0,0,0,0,0,0,0,0,0,0,0,2,0,0,0,0,0,0,2,2017
36,Union Territory,PUDUCHERRY,136,132,148,129,140,150,150,140,145,152,137,134,1693,0,0,0,0,0,0,0,0,0,0,0,0,0,0,0,0,0,0,0,0,0,0,0,0,0,0,136,132,148,129,140,150,150,140,145,152,137,134,1693,2017
1,State,ANDHRA PRADESH,1956,1813,1941,1875,2049,1777,1865,1642,1362,1553,1497,1678,21008,0,0,0,0,0,0,0,0,0,0,0,1,1,109,102,118,123,148,161,133,128,126,124,123,130,1525,2065,1915,2059,1998,2197,1938,1998,1770,1488,1677,1620,1809,22534,2018
2,State,ARUNACHAL PRADESH,33,13,18,20,19,15,16,19,12,18,15,31,229,0,0,0,0,0,0,0,0,0,0,0,0,0,0,0,0,0,0,0,0,0,0,0,0,0,0,33,13,18,20,19,15,16,19,12,18,15,31,229,2018
3,State,ASSAM,622,541,548,583,647,639,545,585,570,603,602,695,7180,3,1,2,2,1,0,3,1,2,2,1,3,21,49,40,54,52,56,42,40,46,51,54,31,40,555,674,582,604,637,704,681,588,632,623,659,634,738,7756,2018
4,State,BIHAR,767,754,779,866,965,863,741,695,655,778,883,854,9600,16,10,21,24,17,19,14,18,21,18,21,23,222,131,129,125,141,163,225,117,147,95,104,92,114,1583,914,893,925,1031,1145,1107,872,860,771,900,996,991,11405,2018
5,State,CHHATTISGARH,1493,1170,1190,1168,1177,1138,1162,1074,989,1117,1085,1102,13865,1,1,5,0,2,6,2,4,1,3,0,3,28,38,30,35,34,31,47,25,31,35,40,32,22,400,1532,1201,1230,1202,1210,1191,1189,1109,1025,1160,1117,1127,14293,2018
6,State,GOA,344,350,320,333,319,308,261,248,269,305,310,343,3710,0,0,0,0,0,0,0,0,0,0,0,0,0,1,2,2,5,2,2,0,2,2,4,7,10,39,345,352,322,338,321,310,261,250,271,309,317,353,3749,2018
7,State,GUJARAT,1620,1512,1615,1625,1735,1565,1342,1377,1342,1494,1655,1532,18414,0,0,0,0,0,0,0,0,0,0,0,0,0,72,80,87,76,99,90,80,76,90,94,92,78,1014,1692,1592,1702,1701,1834,1655,1422,1453,1432,1588,1747,1610,19428,2018
8,State,HARYANA,913,999,1055,1069,949,911,888,955,885,1035,960,1033,11652,0,0,1,0,0,3,0,2,0,0,0,0,6,126,138,178,162,205,208,187,222,196,189,174,156,2141,1039,1137,1234,1231,1154,1122,1075,1179,1081,1224,1134,1189,13799,2018
9,State,HIMACHAL PRADESH,241,214,271,274,237,296,279,248,263,263,254,279,3119,0,0,0,0,0,0,0,0,0,0,0,0,0,0,0,0,0,0,0,0,0,0,0,0,0,0,241,214,271,274,237,296,279,248,263,263,254,279,3119,2018
10,State,JAMMU & KASHMIR,459,399,461,482,551,547,503,586,513,566,474,456,5997,0,0,0,0,0,0,0,0,1,1,0,0,2,4,2,8,7,9,4,6,5,5,6,4,4,64,463,401,469,489,560,551,509,591,519,573,478,460,6063,2018
11,State,JHARKHAND,517,436,421,489,509,471,429,408,390,452,418,454,5394,1,2,0,3,2,0,1,0,0,0,0,0,9,47,44,31,35,46,32,45,38,39,37,22,31,447,565,482,452,527,557,503,475,446,429,489,440,485,5850,2018
12,State,KARNATAKA,3936,3473,3552,3526,3703,3466,3261,3227,3158,3214,3432,3759,41707,0,0,0,0,0,0,0,0,0,0,0,0,0,0,0,0,0,0,0,0,0,0,0,0,0,0,3936,3473,3552,3526,3703,3466,3261,3227,3158,3214,3432,3759,41707,2018
13,State,KERALA,3655,3433,3448,3326,3592,3200,3045,2918,3278,3302,3449,3535,40181,15,16,11,20,14,16,14,15,16,20,14,9,180,23,16,28,22,19,26,14,13,25,19,24,29,258,3693,3465,3487,3368,3625,3242,3073,2946,3319,3341,3487,3573,40619,2018
14,State,MADHYA PRADESH,4709,3800,4117,4309,4369,4111,3658,3545,3473,3939,3636,3803,47469,11,12,15,9,17,11,14,10,18,14,12,9,152,121,104,126,124,161,141,125,116,102,107,122,110,1459,4841,3916,4258,4442,4547,4263,3797,3671,3593,4060,3770,3922,49080,2018
15,State,MAHARASHTRA,2562,2343,2572,2590,2808,2373,1995,2201,2321,2643,2626,2706,29740,0,0,0,0,0,0,0,0,0,0,0,0,0,523,455,524,534,545,565,489,529,561,571,525,528,6349,3085,2798,3096,3124,3353,2938,2484,2730,2882,3214,3151,3234,36089,2018
16,State,MANIPUR,53,46,53,43,40,44,43,48,38,49,71,74,602,0,0,0,0,0,0,0,0,0,0,0,0,0,0,0,0,0,0,0,0,0,0,0,0,0,0,53,46,53,43,40,44,43,48,38,49,71,74,602,2018
17,State,MEGHALAYA,37,22,22,20,17,19,22,17,19,16,26,21,258,0,0,1,0,0,0,0,0,0,0,0,0,1,0,0,0,0,0,0,0,0,0,0,0,0,0,37,22,23,20,17,19,22,17,19,16,26,21,259,2018
18,State,MIZORAM,3,0,3,6,8,3,3,5,4,5,6,4,50,0,0,0,0,0,0,0,0,0,0,0,0,0,0,0,0,0,0,0,0,0,0,0,0,0,0,3,0,3,6,8,3,3,5,4,5,6,4,50,2018
19,State,NAGALAND,4,6,8,4,3,6,3,1,4,1,1,9,50,2,0,2,2,1,0,2,0,0,0,0,0,9,0,0,0,0,0,0,0,0,0,0,0,0,0,6,6,10,6,4,6,5,1,4,1,1,9,59,2018
20,State,ODISHA,1029,907,950,953,971,936,863,859,853,937,944,1060,11262,0,0,0,1,0,1,1,0,0,0,0,0,3,35,35,43,46,29,39,33,43,30,36,23,35,427,1064,942,993,1000,1000,976,897,902,883,973,967,1095,11692,2018
21,State,PUNJAB,577,488,504,546,570,500,487,518,500,536,618,580,6424,0,0,0,0,0,0,0,0,0,0,0,0,0,56,65,70,76,60,74,79,90,71,79,67,78,865,633,553,574,622,630,574,566,608,571,615,685,658,7289,2018
22,State,RAJASTHAN,2053,1727,1922,1980,2062,1738,1679,1625,1756,1795,1873,1533,21743,0,0,0,0,0,0,0,2,1,0,0,0,3,41,54,53,65,52,61,49,60,68,69,47,36,655,2094,1781,1975,2045,2114,1799,1728,1687,1825,1864,1920,1569,22401,2018
23,State,SIKKIM,12,22,14,11,18,6,17,8,11,29,11,10,169,0,0,0,0,0,0,0,0,0,0,0,0,0,0,0,0,0,0,0,0,0,0,0,0,0,0,12,22,14,11,18,6,17,8,11,29,11,10,169,2018
24,State,TAMIL NADU,5798,5243,5330,5535,5636,5484,5465,5545,5302,5075,4864,4643,63920,1,1,0,1,0,1,1,0,1,0,0,0,6,187,162,187,189,212,178,186,163,179,185,173,183,2184,5986,5406,5517,5725,5848,5663,5652,5708,5482,5260,5037,4826,66110,2018
25,State,TELANGANA,1976,1763,1899,1995,2138,1908,1750,1681,1516,1788,1919,1897,22230,0,0,0,0,0,0,0,0,0,0,0,0,0,44,38,62,51,60,45,60,54,73,43,61,46,637,2020,1801,1961,2046,2198,1953,1810,1735,1589,1831,1980,1943,22867,2018
26,State,TRIPURA,52,38,51,40,44,45,35,34,50,55,51,56,551,0,1,0,0,1,0,2,2,2,2,5,1,16,1,0,2,0,2,1,0,0,0,0,1,0,7,53,39,53,40,47,46,37,36,52,57,57,57,574,2018
27,State,UTTAR PRADESH,3245,3058,3186,3142,3210,3114,2967,2776,2761,2956,3051,3389,36855,55,49,67,53,58,56,54,54,46,57,51,56,656,277,291,303,248,306,297,261,259,280,247,254,249,3272,3577,3398,3556,3443,3574,3467,3282,3089,3087,3260,3356,3694,40783,2018
28,State,UTTARAKHAND,135,111,115,126,130,127,115,124,102,110,124,150,1469,3,2,0,0,0,0,0,0,0,2,4,6,17,3,2,3,0,0,0,0,0,1,2,3,2,16,141,115,118,126,130,127,115,124,103,114,131,158,1502,2018
29,State,WEST BENGAL,1084,914,1046,993,969,1047,1006,904,880,973,981,1030,11827,19,12,7,13,14,10,5,13,14,13,9,13,142,240,202,197,201,242,247,241,238,246,237,236,229,2756,1343,1128,1250,1207,1225,1304,1252,1155,1140,1223,1226,1272,14725,2018
30,Union Territory,A & N ISLANDS,21,27,17,18,21,14,22,32,15,26,20,21,254,0,0,0,0,0,0,0,0,0,0,0,0,0,0,0,0,0,0,0,0,0,0,0,0,0,0,21,27,17,18,21,14,22,32,15,26,20,21,254,2018
31,Union Territory,CHANDIGARH,31,26,40,26,26,15,27,24,25,28,25,24,317,0,0,0,0,0,0,0,0,0,0,0,0,0,0,0,0,0,0,0,0,0,0,0,0,0,0,31,26,40,26,26,15,27,24,25,28,25,24,317,2018
32,Union Territory,D & N HAVELI,12,14,10,7,9,4,5,3,3,3,8,2,80,0,0,0,0,0,0,0,0,0,0,0,0,0,0,0,0,0,0,0,0,0,0,0,0,0,0,12,14,10,7,9,4,5,3,3,3,8,2,80,2018
33,Union Territory,DAMAN & DIU,6,3,8,3,3,5,9,8,5,8,7,6,71,0,0,0,0,0,0,0,0,0,0,0,0,0,0,0,0,0,0,0,0,0,0,0,0,0,0,6,3,8,3,3,5,9,8,5,8,7,6,71,2018
34,Union Territory,DELHI (UT),518,505,594,590,510,506,542,565,515,590,522,560,6517,1,2,1,1,1,0,0,0,0,0,0,0,6,87,79,74,78,87,83,63,105,88,91,95,60,990,606,586,669,669,598,589,605,670,603,681,617,620,7513,2018
35,Union Territory,LAKSHADWEEP,0,0,0,1,1,0,1,0,0,0,0,0,3,0,0,0,0,0,0,0,0,0,0,0,0,0,0,0,0,0,0,0,0,0,0,0,0,0,0,0,0,0,1,1,0,1,0,0,0,0,0,3,2018
36,Union Territory,PUDUCHERRY,133,107,133,144,148,125,137,127,147,128,127,141,1597,0,0,0,0,0,0,0,0,0,0,1,0,1,0,0,0,0,0,0,0,0,0,0,0,0,0,133,107,133,144,148,125,137,127,147,128,128,141,1598,2018
1,State,ANDHRA PRADESH,1783,1655,1772,1799,1821,1795,1688,1721,1463,1595,1698,1887,20677,0,0,0,0,0,0,0,0,0,0,0,0,0,122,102,143,147,145,137,119,124,132,115,128,97,1511,1905,1757,1915,1946,1966,1932,1807,1845,1595,1710,1826,1984,22188,2019
2,State,ARUNACHAL PRADESH,25,17,12,19,9,17,22,12,11,17,17,22,200,0,0,0,0,0,0,0,0,0,0,0,0,0,0,0,0,0,0,0,0,0,0,0,0,0,0,25,17,12,19,9,17,22,12,11,17,17,22,200,2019
3,State,ASSAM,748,748,752,648,677,673,566,581,661,658,655,688,8055,1,0,0,1,0,0,0,0,1,0,1,1,5,54,40,45,54,39,35,48,54,56,60,58,48,591,803,788,797,703,716,708,614,635,718,718,714,737,8651,2019
4,State,BIHAR,898,807,928,806,1054,1014,748,746,592,698,893,823,10007,26,28,22,12,15,19,17,15,18,15,20,34,241,115,105,116,140,105,129,144,149,143,144,141,158,1589,1039,940,1066,958,1174,1162,909,910,753,857,1054,1015,11837,2019
5,State,CHHATTISGARH,1389,1236,1122,1236,1273,1178,1172,1025,999,1094,1127,1048,13899,0,0,0,1,0,0,0,0,0,0,0,0,1,39,38,31,31,30,41,37,40,40,56,47,36,466,1428,1274,1153,1268,1303,1219,1209,1065,1039,1150,1174,1084,14366,2019
6,State,GOA,329,298,305,282,313,270,231,252,235,281,293,351,3440,0,0,0,0,0,0,0,0,0,0,0,0,0,6,3,4,3,2,3,2,4,4,6,8,5,50,335,301,309,285,315,273,233,256,239,287,301,356,3490,2019
7,State,GUJARAT,1663,1580,1544,1395,1560,1357,1206,1136,1067,1310,1254,1431,16503,0,0,0,0,0,0,0,0,0,0,0,0,0,78,95,90,76,99,77,80,87,76,90,75,71,994,1741,1675,1634,1471,1659,1434,1286,1223,1143,1400,1329,1502,17497,2019
8,State,HARYANA,963,809,991,919,932,875,923,888,855,915,926,941,10937,7,9,8,15,9,8,11,5,12,10,6,4,104,95,80,102,121,133,107,125,137,145,115,104,98,1362,1065,898,1101,1055,1074,990,1059,1030,1012,1040,1036,1043,12403,2019
9,State,HIMACHAL PRADESH,240,167,250,254,255,292,233,252,228,257,232,236,2896,0,0,0,0,0,0,0,0,0,0,0,0,0,0,0,0,0,0,0,0,0,0,0,0,0,0,240,167,250,254,255,292,233,252,228,257,232,236,2896,2019
10,State,JAMMU & KASHMIR,452,293,440,503,535,592,639,406,435,555,517,428,5795,0,0,0,0,0,0,0,0,0,0,0,0,0,4,3,4,4,4,3,4,3,6,5,3,1,44,456,296,444,507,539,595,643,409,441,560,520,429,5839,2019
11,State,JHARKHAND,465,486,440,447,428,485,465,396,371,414,396,424,5217,0,0,0,0,0,0,0,1,1,0,0,0,2,30,41,49,33,40,45,38,43,46,43,46,29,483,495,527,489,480,468,530,503,440,418,457,442,453,5702,2019
12,State,KARNATAKA,3696,3512,3550,3583,3730,3599,3029,2895,2901,3168,3361,3620,40644,0,2,2,3,3,1,2,0,2,3,4,0,22,0,0,0,0,0,0,0,0,0,0,0,0,0,3696,3514,3552,3586,3733,3600,3031,2895,2903,3171,3365,3620,40666,2019
13,State,KERALA,3772,3558,3377,3301,3653,3246,3144,2825,2985,3268,3352,3463,39944,9,16,11,11,18,15,18,17,15,11,10,9,160,23,14,33,21,26,16,12,18,23,14,24,26,250,3804,3588,3421,3333,3697,3277,3174,2860,3023,3293,3386,3498,40354,2019
14,State,MADHYA PRADESH,5205,4365,4385,4368,5054,4661,4067,3788,3500,4080,4268,3900,51641,20,16,15,25,23,20,22,25,12,22,14,16,230,101,102,111,133,143,193,128,138,102,128,115,114,1508,5326,4483,4511,4526,5220,4874,4217,3951,3614,4230,4397,4030,53379,2019
15,State,MAHARASHTRA,2623,2429,2588,2303,2672,2348,2117,1899,1850,1772,2274,2411,27286,0,0,0,0,0,0,0,0,0,0,0,0,0,529,508,552,594,568,552,467,486,489,580,514,499,6338,3152,2937,3140,2897,3240,2900,2584,2385,2339,2352,2788,2910,33624,2019
16,State,MANIPUR,60,51,58,50,63,67,55,54,45,51,43,75,672,0,0,0,0,0,0,0,0,0,0,0,0,0,0,0,0,0,0,0,0,0,0,0,0,0,0,60,51,58,50,63,67,55,54,45,51,43,75,672,2019
17,State,MEGHALAYA,25,24,21,20,22,16,15,20,21,21,13,18,236,0,0,0,0,0,0,0,0,0,0,0,0,0,0,0,0,0,0,0,0,0,0,0,0,0,0,25,24,21,20,22,16,15,20,21,21,13,18,236,2019
18,State,MIZORAM,3,7,5,4,4,3,4,5,5,5,5,7,57,0,0,0,0,0,0,0,0,0,0,0,0,0,0,0,0,0,0,0,0,0,0,0,0,0,0,3,7,5,4,4,3,4,5,5,5,5,7,57,2019
19,State,NAGALAND,2,1,2,3,3,3,3,1,1,3,1,3,26,1,0,1,2,1,0,0,0,0,1,2,0,8,0,0,0,0,0,0,0,0,0,0,0,0,0,3,1,3,5,4,3,3,1,1,4,3,3,34,2019
20,State,ODISHA,1092,932,1036,887,952,903,886,816,709,874,942,1035,11064,0,0,0,0,0,0,0,0,0,0,0,0,0,46,33,37,36,35,40,44,33,33,40,36,31,444,1138,965,1073,923,987,943,930,849,742,914,978,1066,11508,2019
21,State,PUNJAB,530,459,534,544,501,537,442,494,526,634,593,522,6316,0,0,0,0,0,0,0,0,0,0,0,0,0,56,69,74,65,75,80,96,88,105,79,62,44,893,586,528,608,609,576,617,538,582,631,713,655,566,7209,2019
22,State,RAJASTHAN,2188,1833,2050,1958,2337,2239,2007,1745,1671,1833,1954,1663,23478,0,0,0,0,0,0,0,0,0,0,0,0,0,49,58,52,72,93,72,73,79,71,72,58,54,803,2237,1891,2102,2030,2430,2311,2080,1824,1742,1905,2012,1717,24281,2019
23,State,SIKKIM,20,7,17,14,14,8,8,14,19,13,15,23,172,0,0,0,0,0,0,0,0,0,0,0,0,0,0,0,0,0,0,0,0,0,0,0,0,0,0,20,7,17,14,14,8,8,14,19,13,15,23,172,2019
24,State,TAMIL NADU,5173,4749,5122,4776,4962,5209,4813,4767,4626,4708,4262,4061,57228,1,1,1,0,0,0,0,0,0,0,1,1,5,194,188,183,166,214,229,178,185,187,181,186,175,2266,5368,4938,5306,4942,5176,5438,4991,4952,4813,4889,4449,4237,59499,2019
25,State,TELANGANA,1800,1757,2011,1824,1979,1928,1790,1602,1353,1695,1864,1967,21570,0,0,0,0,0,0,0,0,0,0,0,0,0,43,27,65,44,47,66,51,59,44,67,63,50,626,1843,1784,2076,1868,2026,1994,1841,1661,1397,1762,1927,2017,22196,2019
26,State,TRIPURA,70,62,47,38,59,54,50,55,50,50,63,57,655,1,4,1,1,4,4,1,2,2,1,5,1,27,0,1,0,0,1,2,0,0,1,0,0,0,5,71,67,48,39,64,60,51,57,53,51,68,58,687,2019
27,State,UTTAR PRADESH,3570,3160,3347,2995,3462,3345,2858,2761,2574,2829,3279,3357,37537,71,58,67,64,79,72,75,90,73,73,78,51,851,329,303,336,326,362,373,328,330,326,299,341,327,3980,3970,3521,3750,3385,3903,3790,3261,3181,2973,3201,3698,3735,42368,2019
28,State,UTTARAKHAND,121,117,104,97,128,137,123,108,85,101,101,130,1352,2,1,1,0,0,0,1,0,0,0,1,2,8,6,3,2,3,0,3,0,3,6,4,5,6,41,129,121,107,100,128,140,124,111,91,105,107,138,1401,2019
29,State,WEST BENGAL,935,965,947,904,951,932,1142,1018,1015,1129,1106,1189,12233,8,9,7,5,18,11,2,6,8,11,17,11,113,205,226,272,229,235,251,268,233,234,293,201,229,2876,1148,1200,1226,1138,1204,1194,1412,1257,1257,1433,1324,1429,15222,2019
31,UT,A & NISLANDS,17,14,29,25,14,23,22,14,15,18,20,19,230,0,0,0,0,0,0,0,0,0,0,0,0,0,0,0,0,0,0,0,0,0,0,0,0,0,0,17,14,29,25,14,23,22,14,15,18,20,19,230,2019
32,UT,CHANDIGARH,30,21,22,22,25,26,25,36,14,27,29,27,304,0,0,0,0,0,0,0,0,0,0,0,0,0,0,0,0,0,0,0,0,0,0,0,0,0,0,30,21,22,22,25,26,25,36,14,27,29,27,304,2019
33,UT,D & N HAVELI,7,6,6,6,6,8,3,5,4,9,5,3,68,0,0,0,0,0,0,0,0,0,0,0,0,0,0,0,0,0,0,0,0,0,0,0,0,0,0,7,6,6,6,6,8,3,5,4,9,5,3,68,2019
34,UT,DAMAN & DIU,3,6,7,8,5,5,7,5,9,3,1,4,63,0,0,0,0,0,0,0,0,0,0,0,0,0,0,0,0,0,0,0,0,0,0,0,0,0,0,3,6,7,8,5,5,7,5,9,3,1,4,63,2019
35,UT,DELHI (UT),524,469,522,445,480,485,469,412,422,455,469,449,5601,0,3,1,0,2,1,1,1,0,1,1,0,11,77,67,61,85,66,68,75,75,89,66,71,58,858,601,539,584,530,548,554,545,488,511,522,541,507,6470,2019
36,UT,LAKSHADWEEP,0,1,0,0,0,0,0,0,0,0,0,0,1,0,0,0,0,0,0,0,0,0,0,0,0,0,0,0,0,0,0,0,0,0,0,0,0,0,0,0,1,0,0,0,0,0,0,0,0,0,0,1,2019
37,UT,PUDUCHERRY,127,105,118,108,114,125,118,125,124,111,105,112,1392,0,0,0,0,0,0,0,0,0,0,0,0,0,0,1,0,0,0,0,1,0,2,2,1,2,9,127,106,118,108,114,125,119,125,126,113,106,114,1401,2019
1,State,ANDHRA PRADESH,1888,1894,1522,485,1044,1338,1235,1410,1578,1749,1862,1919,17924,0,0,0,0,0,0,0,0,0,0,0,0,0,119,107,96,7,22,38,28,32,40,44,35,43,611,2007,2001,1618,492,1066,1376,1263,1442,1618,1793,1897,1962,18535,2020
2,State,ARUNACHAL PRADESH,19,20,17,4,9,4,10,4,6,16,23,27,159,0,0,0,0,0,0,0,0,0,0,0,0,0,0,0,0,0,0,0,0,0,0,0,0,0,0,19,20,17,4,9,4,10,4,6,16,23,27,159,2020
3,State,ASSAM,832,824,658,148,358,513,407,446,507,617,680,747,6737,0,0,0,0,0,1,0,0,0,1,2,4,8,65,66,51,10,15,22,20,25,26,45,41,27,413,897,890,709,158,373,536,427,471,533,663,723,778,7158,2020
4,State,BIHAR,781,866,731,404,523,792,660,679,753,674,803,973,8639,21,22,20,14,6,8,14,16,19,16,13,22,191,113,80,75,15,52,63,55,49,57,56,75,90,780,915,968,826,433,581,863,729,744,829,746,891,1085,9610,2020
5,State,CHHATTISGARH,1382,1269,951,309,716,932,957,923,875,1027,1170,1163,11674,1,0,2,0,0,1,0,0,0,0,0,0,4,47,54,36,20,8,32,21,17,25,22,20,26,328,1430,1323,989,329,724,965,978,940,900,1049,1190,1189,12006,2020
6,State,GOA,341,317,196,83,156,156,129,144,156,183,242,272,2375,0,0,0,0,0,0,0,0,0,0,0,0,0,2,2,2,1,2,3,1,1,0,6,2,1,23,343,319,198,84,158,159,130,145,156,189,244,273,2398,2020
7,State,GUJARAT,1536,1538,1231,347,667,956,959,972,1087,1284,1377,1453,13407,0,0,0,0,0,0,0,0,0,1,0,0,1,80,68,66,15,23,32,36,24,25,43,37,41,490,1616,1606,1297,362,690,988,995,996,1112,1328,1414,1494,13898,2020
8,State,HARYANA,894,939,774,215,511,742,803,850,830,995,974,979,9506,6,3,6,4,4,4,4,7,4,6,5,4,57,64,66,70,22,30,40,39,50,43,35,29,35,523,964,1008,850,241,545,786,846,907,877,1036,1008,1018,10086,2020
9,State,HIMACHAL PRADESH,189,190,173,48,118,138,224,217,213,280,222,223,2235,0,0,0,0,0,0,0,0,0,0,0,0,0,0,0,0,0,0,0,0,0,0,0,0,0,0,189,190,173,48,118,138,224,217,213,280,222,223,2235,2020
10,State,JHARKHAND,429,466,405,92,183,397,312,339,351,426,483,522,4405,5,0,1,0,3,1,1,5,3,2,1,0,22,37,51,26,8,9,22,16,22,15,17,25,26,274,471,517,432,100,195,420,329,366,369,445,509,548,4701,2020
11,State,KARNATAKA,3774,3651,3026,804,2260,2660,2332,2797,2844,2996,3356,3678,34178,0,0,0,0,0,0,0,0,0,0,0,0,0,0,0,0,0,0,0,0,0,0,0,0,0,0,3774,3651,3026,804,2260,2660,2332,2797,2844,2996,3356,3678,34178,2020
12,State,KERALA,3991,3776,2881,447,1368,2022,1755,1740,2005,2312,2595,2907,27799,20,21,13,1,1,3,4,5,1,4,8,8,89,20,20,19,3,0,2,4,5,7,11,8,11,110,4031,3817,2913,451,1369,2027,1763,1750,2013,2327,2611,2926,27998,2020
13,State,MADHYA PRADESH,4521,4335,3505,852,2100,3534,3497,3465,3561,4131,4599,4296,42396,16,16,11,10,16,10,9,10,12,17,9,8,144,127,134,86,22,58,48,63,46,51,71,62,52,820,4664,4485,3602,884,2174,3592,3569,3521,3624,4219,4670,4356,43360,2020
14,State,MAHARASHTRA,2540,2389,1945,584,1201,1516,1407,1635,1720,2139,2355,2780,22211,0,0,0,0,0,0,0,0,0,0,0,0,0,523,499,376,46,79,100,121,108,139,196,252,258,2697,3063,2888,2321,630,1280,1616,1528,1743,1859,2335,2607,3038,24908,2020
15,State,MANIPUR,56,64,53,12,28,23,33,20,30,27,43,43,432,0,0,0,0,0,0,0,0,0,0,0,0,0,0,0,0,0,0,0,0,0,0,0,0,0,0,56,64,53,12,28,23,33,20,30,27,43,43,432,2020
16,State,MEGHALAYA,28,22,16,3,12,14,11,8,16,16,25,34,205,0,0,0,0,0,0,0,0,0,0,0,0,0,0,0,0,0,0,0,0,0,0,0,0,0,0,28,22,16,3,12,14,11,8,16,16,25,34,205,2020
17,State,MIZORAM,7,6,3,2,2,1,4,2,3,2,5,10,47,0,0,0,0,0,0,0,0,0,0,0,0,0,0,0,0,0,0,0,0,0,0,0,0,0,0,7,6,3,2,2,1,4,2,3,2,5,10,47,2020
18,State,NAGALAND,3,0,5,1,3,3,1,1,1,0,5,4,27,0,0,0,0,0,0,0,2,0,0,1,0,3,0,0,0,0,0,0,0,0,0,0,0,0,0,3,0,5,1,3,3,1,3,1,0,6,4,30,2020
19,State,ODISHA,1056,956,801,265,583,757,725,736,844,934,971,1189,9817,0,0,0,0,0,0,0,0,0,0,2,0,2,23,19,27,24,24,23,22,27,23,22,20,25,279,1079,975,828,289,607,780,747,763,867,956,993,1214,10098,2020
20,State,PUNJAB,491,507,415,146,318,357,437,401,443,554,599,505,5173,0,1,0,1,0,0,0,0,0,0,0,0,2,60,58,55,9,22,29,32,24,24,2,7,20,342,551,566,470,156,340,386,469,425,467,556,606,525,5517,2020
21,State,RAJASTHAN,1945,2044,1646,369,941,1468,1667,1621,1671,1853,1982,1914,19121,0,0,0,0,0,0,0,0,0,0,0,0,0,72,57,46,15,17,24,32,40,35,32,21,38,429,2017,2101,1692,384,958,1492,1699,1661,1706,1885,2003,1952,19550,2020
22,State,SIKKIM,17,12,11,1,7,5,6,6,4,14,12,13,108,0,0,0,0,0,0,0,0,0,0,0,0,0,0,0,0,0,0,0,0,0,0,0,0,0,0,17,12,11,1,7,5,6,6,4,14,12,13,108,2020
23,State,TAMIL NADU,4675,4407,3790,688,2373,2985,3323,4275,4577,4799,4828,4764,45484,0,0,0,0,0,0,0,0,0,0,0,0,0,198,163,141,21,31,42,36,37,58,59,67,106,959,4873,4570,3931,709,2404,3027,3359,4312,4635,4858,4895,4870,46443,2020
24,State,TELANGANA,2005,2078,1595,454,1279,1349,1418,1461,1535,1694,2030,2274,19172,0,0,0,0,0,0,0,0,0,0,0,0,0,51,52,56,4,10,16,22,23,21,26,31,21,333,2056,2130,1651,458,1289,1365,1440,1484,1556,1720,2061,2295,19505,2020
25,State,TRIPURA,58,56,50,8,24,35,28,30,39,40,40,58,466,2,1,1,0,2,2,1,4,2,2,2,4,23,1,0,0,0,0,0,0,0,0,0,0,1,2,61,57,51,8,26,37,29,34,41,42,42,63,491,2020
26,State,UTTAR PRADESH,3028,2938,2260,1039,1680,2092,2143,2366,2332,2612,3027,3136,28653,110,79,32,10,12,14,13,17,18,22,29,24,380,208,206,142,49,106,100,85,125,125,139,121,154,1560,3346,3223,2434,1098,1798,2206,2241,2508,2475,2773,3177,3314,30593,2020
27,State,UTTARAKHAND,118,108,88,12,49,65,74,79,105,109,108,135,1050,1,1,0,0,0,0,0,0,0,0,0,1,3,1,3,0,0,0,0,0,0,0,0,0,1,5,120,112,88,12,49,65,74,79,105,109,108,137,1058,2020
28,State,WEST BENGAL,1214,1155,1028,257,408,740,830,844,952,1147,1152,1116,10843,13,11,13,2,6,4,5,2,5,5,6,11,83,251,202,166,29,48,97,94,74,112,104,153,175,1505,1478,1368,1207,288,462,841,929,920,1069,1256,1311,1302,12431,2020
29,Union Territories,A & N ISLANDS,27,21,12,0,14,10,12,3,11,10,8,13,141,0,0,0,0,0,0,0,0,0,0,0,0,0,0,0,0,0,0,0,0,0,0,0,0,0,0,27,21,12,0,14,10,12,3,11,10,8,13,141,2020
30,Union Territories,CHANDIGARH,17,17,11,4,9,7,16,17,12,18,14,15,157,0,0,0,0,0,0,0,0,0,0,0,0,0,0,0,0,0,0,0,0,0,0,0,0,0,0,17,17,11,4,9,7,16,17,12,18,14,15,157,2020
31,Union Territories,D & N HAVELI AND DAMAN & DIU,14,9,3,2,5,6,9,9,10,11,11,9,98,0,0,0,0,0,0,0,0,0,0,0,0,0,0,0,0,0,0,0,0,0,0,0,0,0,0,14,9,3,2,5,6,9,9,10,11,11,9,98,2020
32,Union Territories,DELHI (UT),492,407,390,99,171,261,356,371,382,472,380,406,4187,0,0,0,0,0,0,0,0,0,1,1,0,2,74,87,73,12,23,34,40,34,41,45,39,24,526,566,494,463,111,194,295,396,405,423,518,420,430,4715,2020
33,Union Territories,JAMMU & KASHMIR,361,440,356,147,321,386,408,465,468,536,520,453,4861,0,0,0,0,0,0,0,0,0,0,0,0,0,2,4,0,0,1,0,0,0,1,0,0,1,9,363,444,356,147,322,386,408,465,469,536,520,454,4870,2020
34,Union Territories,LADAKH,5,5,7,2,6,11,20,15,16,30,20,2,139,0,0,0,0,0,0,0,0,0,0,0,0,0,0,0,0,0,0,0,0,0,0,0,0,0,0,5,5,7,2,6,11,20,15,16,30,20,2,139,2020
35,Union Territories,LAKSHADWEEP,0,0,0,0,0,0,0,1,0,0,0,0,1,0,0,0,0,0,0,0,0,0,0,0,0,0,0,0,0,0,0,0,0,0,0,0,0,0,0,0,0,0,0,0,0,0,1,0,0,0,0,1,2020
36,Union Territories,PUDUCHERRY,132,133,98,17,35,63,66,65,92,86,86,96,969,0,0,0,0,0,0,0,0,0,0,0,0,0,0,0,0,0,0,0,0,0,0,0,0,0,0,132,133,98,17,35,63,66,65,92,86,86,96,969,2020
1,State,ANDHRA PRADESH,2120,1845,1906,1703,1233,1594,1792,1968,1815,1924,1649,2007,21556,0,0,0,0,0,0,0,0,0,0,0,0,0,46,42,58,47,49,54,63,90,92,85,49,80,755,2166,1887,1964,1750,1282,1648,1855,2058,1907,2009,1698,2087,22311,2021
2,State,ARUNACHAL PRADESH,24,29,19,24,14,15,14,20,25,27,19,31,261,0,0,0,0,0,0,0,0,0,0,0,0,0,0,0,0,0,0,0,0,0,0,0,0,0,0,24,29,19,24,14,15,14,20,25,27,19,31,261,2021
3,State,ASSAM,687,757,709,648,488,393,426,520,526,605,665,645,7069,1,0,0,0,0,1,0,0,0,0,1,0,3,37,33,49,42,35,38,39,32,45,42,31,36,459,725,790,758,690,523,432,465,552,571,647,697,681,7531,2021
4,State,BIHAR,848,888,839,835,795,811,724,689,732,752,817,823,9553,15,16,10,12,14,15,13,9,19,18,10,12,163,101,86,100,101,112,83,73,88,109,119,98,77,1147,964,990,949,948,921,909,810,786,860,889,925,912,10863,2021
5,State,CHHATTISGARH,1493,1319,1246,589,523,929,1052,1090,1005,1057,1068,1024,12395,0,0,0,0,0,0,0,0,0,0,0,0,0,30,29,36,21,25,39,50,34,40,39,44,25,412,1523,1348,1282,610,548,968,1102,1124,1045,1096,1112,1049,12807,2021
6,State,GOA,301,235,285,210,131,169,199,212,227,252,287,342,2850,0,0,0,0,0,0,0,0,0,0,0,0,0,5,1,5,6,2,6,7,0,6,3,4,4,49,306,236,290,216,133,175,206,212,233,255,291,346,2899,2021
7,State,GUJARAT,1459,1308,1446,1005,990,1232,1198,1271,1159,1343,1379,1410,15200,0,0,0,0,0,0,0,0,0,0,0,0,0,33,50,43,39,36,47,54,47,51,56,62,53,571,1492,1358,1489,1044,1026,1279,1252,1318,1210,1399,1441,1463,15771,2021
8,State,HARYANA,810,830,949,876,515,787,812,779,802,1018,949,922,10049,5,11,8,10,13,17,15,18,12,21,17,13,160,57,63,60,54,45,69,89,103,75,66,67,58,806,872,904,1017,940,573,873,916,900,889,1105,1033,993,11015,2021
9,State,HIMACHAL PRADESH,209,175,197,205,107,173,213,221,196,254,240,218,2408,0,0,0,0,0,0,0,0,0,0,0,0,0,0,0,0,0,0,0,0,0,0,0,0,0,0,209,175,197,205,107,173,213,221,196,254,240,218,2408,2021
10,State,JHARKHAND,430,445,383,352,341,371,365,394,365,415,419,448,4728,2,8,7,15,10,8,14,6,13,6,15,13,117,27,18,24,18,29,27,22,25,24,29,20,21,284,459,471,414,385,380,406,401,425,402,450,454,482,5129,2021
11,State,KARNATAKA,3602,3177,3512,2898,1537,2072,2584,2859,2875,2966,3122,3443,34647,0,0,0,0,0,0,0,0,0,0,0,0,0,0,0,0,0,0,0,0,0,0,0,0,0,0,3602,3177,3512,2898,1537,2072,2584,2859,2875,2966,3122,3443,34647,2021
12,State,KERALA,3562,3324,3431,3095,1041,1502,2097,2421,2616,2894,3104,3672,32759,16,10,13,9,7,10,5,8,10,8,12,13,121,14,11,17,21,4,9,8,17,17,19,19,15,171,3592,3345,3461,3125,1052,1521,2110,2446,2643,2921,3135,3700,33051,2021
13,State,MADHYA PRADESH,5145,4380,4393,2971,2639,4046,3998,3758,3646,4387,4747,4109,48219,15,22,12,23,18,16,17,19,12,15,13,14,196,101,83,113,83,94,90,69,78,118,78,80,91,1078,5261,4485,4518,3077,2751,4152,4084,3855,3776,4480,4840,4214,49493,2021
14,State,MAHARASHTRA,2650,2505,2479,1636,1683,2037,2081,2051,2011,2320,2429,2716,26598,0,0,0,0,0,0,0,0,0,0,0,0,0,260,252,351,252,228,255,313,292,283,327,337,338,3488,2910,2757,2830,1888,1911,2292,2394,2343,2294,2647,2766,3054,30086,2021
15,State,MANIPUR,33,30,51,36,9,18,16,29,29,25,43,47,366,0,0,0,0,0,0,0,0,0,0,0,0,0,0,0,0,0,0,0,0,0,0,0,0,0,0,33,30,51,36,9,18,16,29,29,25,43,47,366,2021
16,State,MEGHALAYA,19,21,27,22,19,17,12,16,25,23,21,22,244,0,0,0,0,0,0,0,0,0,0,0,0,0,0,0,0,0,0,0,0,0,0,0,0,0,0,19,21,27,22,19,17,12,16,25,23,21,22,244,2021
17,State,MIZORAM,6,5,7,8,3,8,3,6,2,4,5,7,64,0,0,0,0,0,0,0,0,0,0,0,0,0,0,0,0,0,0,0,0,0,0,0,0,0,0,6,5,7,8,3,8,3,6,2,4,5,7,64,2021
18,State,NAGALAND,3,4,5,4,1,1,1,3,2,0,1,0,25,0,1,1,1,1,2,0,1,0,1,0,1,9,0,0,0,0,0,0,0,0,0,0,0,0,0,3,5,6,5,2,3,1,4,2,1,1,1,34,2021
19,State,ODISHA,1100,1030,1098,864,655,824,838,804,830,893,950,1097,10983,0,0,0,0,0,0,0,0,0,0,0,0,0,22,24,34,21,23,28,26,25,25,25,26,27,306,1122,1054,1132,885,678,852,864,829,855,918,976,1124,11289,2021
20,State,PUNJAB,454,479,514,497,404,438,503,527,513,603,608,557,6097,1,0,0,0,0,0,0,0,0,0,0,0,1,33,31,48,40,33,38,61,74,70,73,71,43,615,488,510,562,537,437,476,564,601,583,676,679,600,6713,2021
21,State,RAJASTHAN,2143,1907,1986,1683,993,1400,1686,1784,1701,1875,2021,1775,20954,0,0,0,0,0,0,0,0,0,0,0,0,0,41,49,48,52,39,48,72,75,67,59,66,53,669,2184,1956,2034,1735,1032,1448,1758,1859,1768,1934,2087,1828,21623,2021
22,State,SIKKIM,9,17,11,16,11,5,9,11,7,10,11,5,122,0,0,0,0,0,0,0,0,0,0,0,0,0,0,0,0,0,0,0,0,0,0,0,0,0,0,9,17,11,16,11,5,9,11,7,10,11,5,122,2021
23,State,TAMIL NADU,5322,5300,5543,4628,2384,3291,4592,4977,4941,4899,4742,5063,55682,0,0,0,0,0,0,0,0,0,1,0,0,1,124,102,113,103,78,75,132,137,126,136,120,161,1407,5446,5402,5656,4731,2462,3366,4724,5114,5067,5036,4862,5224,57090,2021
24,State,TELANGANA,2068,1821,1849,1578,1346,1605,1662,1869,1662,1948,1874,2033,21315,0,0,0,0,0,0,0,0,0,0,0,0,0,30,25,41,23,19,36,27,39,43,44,41,40,408,2098,1846,1890,1601,1365,1641,1689,1908,1705,1992,1915,2073,21723,2021
25,State,TRIPURA,46,35,60,47,27,25,30,41,37,36,39,55,478,3,2,4,3,1,1,0,4,2,4,5,4,33,0,1,0,1,0,0,0,2,0,0,0,0,4,49,38,64,51,28,26,30,47,39,40,44,59,515,2021
26,State,UTTAR PRADESH,3524,2892,2930,2357,2466,2606,2742,2657,2580,2640,3024,3293,33711,65,47,59,35,32,69,36,35,30,58,54,55,575,176,161,184,180,209,180,201,178,193,199,186,176,2223,3765,3100,3173,2572,2707,2855,2979,2870,2803,2897,3264,3524,36509,2021
27,State,UTTARAKHAND,143,129,149,92,60,84,117,102,133,111,156,129,1405,0,0,0,0,0,0,0,0,0,0,0,0,0,3,4,1,2,1,2,1,1,0,2,4,4,25,146,133,150,94,61,86,118,103,133,113,160,133,1430,2021
28,State,WEST BENGAL,1142,1022,1044,878,722,808,937,968,924,987,1016,1053,11501,13,12,17,18,11,6,13,18,13,19,11,13,164,229,209,259,263,131,138,168,205,192,237,193,201,2425,1384,1243,1320,1159,864,952,1118,1191,1129,1243,1220,1267,14090,2021
30,UT,ANDAMAN AND NICOBAR ISLANDS,14,9,13,11,6,3,13,10,10,3,11,14,117,0,0,0,0,0,0,0,0,0,0,0,0,0,0,0,0,0,0,0,0,0,0,0,0,0,0,14,9,13,11,6,3,13,10,10,3,11,14,117,2021
31,UT,CHANDIGARH,20,16,23,15,11,13,19,18,19,16,15,23,208,0,0,0,0,0,0,0,0,0,0,0,0,0,0,0,0,0,0,0,0,0,0,0,0,0,0,20,16,23,15,11,13,19,18,19,16,15,23,208,2021
32,UT,DADRA AND NAGAR HAVELI AND DAMAN AND DIU,14,15,16,7,7,6,9,9,16,11,7,23,140,0,0,0,0,0,0,0,0,0,0,0,0,0,0,0,0,0,0,0,0,0,0,0,0,0,0,14,15,16,7,7,6,9,9,16,11,7,23,140,2021
33,UT,DELHI,395,374,481,307,243,368,365,432,405,423,442,485,4720,0,0,0,0,0,0,0,0,0,0,0,0,0,36,47,53,42,32,44,74,69,65,88,64,62,676,431,421,534,349,275,412,439,501,470,511,506,547,5396,2021
34,UT,JAMMU AND KASHMIR,340,380,475,444,375,462,518,495,504,482,512,415,5402,1,2,0,0,0,0,0,1,0,1,1,1,7,1,2,0,1,1,1,3,1,1,3,1,0,15,342,384,475,445,376,463,521,497,505,486,514,416,5424,2021
35,UT,LADAKH,9,9,16,10,20,30,41,29,23,22,11,17,237,0,0,0,0,0,0,0,0,0,0,0,0,0,0,0,0,0,0,0,0,0,0,0,0,0,0,9,9,16,10,20,30,41,29,23,22,11,17,237,2021
36,UT,LAKSHADWEEP,0,0,1,0,0,1,1,1,0,0,0,0,4,0,0,0,0,0,0,0,0,0,0,0,0,0,0,0,0,0,0,0,0,0,0,0,0,0,0,0,0,1,0,0,1,1,1,0,0,0,0,4,2021
37,UT,PUDUCHERRY,91,97,103,90,37,77,78,84,102,113,72,105,1049,0,0,0,0,0,0,0,0,0,0,0,0,0,0,0,0,0,0,0,0,0,0,0,0,0,0,91,97,103,90,37,77,78,84,102,113,72,105,1049,2021
1,State,ANDHRA PRADESH,1796,1751,1894,1777,2161,1911,1640,1929,1539,1534,1525,1613,21070,0,0,0,0,0,0,0,0,0,0,0,0,0,94,66,81,87,110,89,84,86,82,81,79,90,1029,1890,1817,1975,1864,2271,2000,1724,2015,1621,1615,1604,1703,22099,2022
2,State,ARUNACHAL PRADESH,23,20,20,12,18,13,27,18,14,17,18,15,215,0,0,0,0,0,0,0,0,0,0,0,0,0,0,0,0,0,0,0,0,0,0,0,0,0,0,23,20,20,12,18,13,27,18,14,17,18,15,215,2022
3,State,ASSAM,637,564,610,558,571,488,509,586,574,586,632,713,7028,3,1,3,1,2,1,1,1,0,3,3,3,22,39,88,75,57,45,56,33,52,47,36,79,82,689,679,653,688,616,618,545,543,639,621,625,714,798,7739,2022
4,State,BIHAR,749,760,868,953,1299,1006,902,786,692,857,991,938,10801,10,5,4,1,3,3,4,3,3,3,6,7,52,91,90,144,116,127,135,139,132,126,117,101,126,1444,850,855,1016,1070,1429,1144,1045,921,821,977,1098,1071,12297,2022
5,State,CHHATTISGARH,1241,1194,1069,1100,1205,1133,1032,1012,880,1025,1156,1044,13091,0,1,0,0,1,0,0,1,0,1,0,0,4,36,26,31,34,35,37,35,46,33,49,34,33,429,1277,1221,1100,1134,1241,1170,1067,1059,913,1075,1190,1077,13524,2022
6,State,GOA,260,251,275,242,324,239,238,182,234,251,232,284,3012,0,0,0,0,0,0,0,0,0,0,0,0,0,5,2,5,4,4,2,2,4,5,9,6,6,54,265,253,280,246,328,241,240,186,239,260,238,290,3066,2022
7,State,GUJARAT,1356,1365,1358,1386,1530,1343,1065,1141,1160,1406,1259,1408,15777,0,0,2,2,1,1,0,0,0,0,0,0,6,56,57,79,53,73,66,58,57,63,82,52,70,766,1412,1422,1439,1441,1604,1410,1123,1198,1223,1488,1311,1478,16549,2022
8,State,HARYANA,739,811,1020,950,953,804,886,857,862,900,867,1005,10654,2,12,10,11,6,5,5,11,11,8,5,9,95,76,92,101,76,99,100,111,123,109,78,85,77,1127,817,915,1131,1037,1058,909,1002,991,982,986,957,1091,11876,2022
9,State,HIMACHAL PRADESH,163,160,195,219,207,231,186,217,247,235,200,224,2484,0,0,0,0,0,0,0,0,0,0,0,0,0,0,0,0,0,0,0,0,0,0,0,0,0,0,163,160,195,219,207,231,186,217,247,235,200,224,2484,2022
10,State,JHARKHAND,393,417,433,430,492,423,454,391,379,429,444,490,5175,1,0,2,0,1,0,2,1,0,0,0,0,7,31,22,30,28,32,29,36,24,32,40,32,26,362,425,439,465,458,525,452,492,416,411,469,476,516,5544,2022
11,State,KARNATAKA,3225,3318,3506,3313,3635,3308,3006,3118,2962,3358,3372,3644,39765,0,0,0,0,0,0,0,0,0,0,0,0,0,0,0,0,0,0,0,0,0,0,0,0,0,0,3225,3318,3506,3313,3635,3308,3006,3118,2962,3358,3372,3644,39765,2022
12,State,KERALA,3862,3350,3781,3626,3673,3668,3283,3318,3542,3628,3817,4044,43592,15,17,11,8,24,14,12,11,18,20,18,16,184,20,16,12,11,19,15,16,13,20,19,15,18,194,3897,3383,3804,3645,3716,3697,3311,3342,3580,3667,3850,4078,43970,2022
13,State,MADHYA PRADESH,4621,4369,4636,4559,5179,4282,3921,3951,3636,4308,4527,3976,51965,18,21,15,24,21,27,17,26,19,21,18,12,239,81,65,87,122,127,112,93,131,140,115,109,93,1275,4720,4455,4738,4705,5327,4421,4031,4108,3795,4444,4654,4081,53479,2022
14,State,MAHARASHTRA,2581,2551,2665,2577,2956,2667,2230,2191,2103,2443,2826,2756,30546,0,0,0,0,0,0,0,0,0,0,0,0,0,304,367,404,407,417,399,349,407,398,497,427,451,4827,2885,2918,3069,2984,3373,3066,2579,2598,2501,2940,3253,3207,35373,2022
15,State,MANIPUR,33,37,56,32,33,44,49,33,40,57,50,44,508,0,0,0,0,0,0,0,0,0,0,0,0,0,0,0,0,0,1,0,0,1,0,0,0,0,2,33,37,56,32,34,44,49,34,40,57,50,44,510,2022
16,State,MEGHALAYA,21,27,21,22,26,20,16,17,20,15,17,24,246,0,0,0,0,0,0,0,0,0,0,0,0,0,0,0,0,0,0,0,0,0,0,0,0,0,0,21,27,21,22,26,20,16,17,20,15,17,24,246,2022
17,State,MIZORAM,10,9,4,6,7,6,4,3,6,4,4,8,71,0,0,0,0,0,0,0,0,0,0,0,0,0,0,0,0,0,0,0,0,0,0,0,0,0,0,10,9,4,6,7,6,4,3,6,4,4,8,71,2022
18,State,NAGALAND,4,2,3,4,1,1,1,2,1,4,0,1,24,0,0,0,0,1,1,0,0,0,2,0,1,5,0,0,0,0,0,0,0,0,0,0,0,0,0,4,2,3,4,2,2,1,2,1,6,0,2,29,2022
19,State,ODISHA,943,827,1065,929,1112,1025,894,867,840,896,1099,1166,11663,0,0,0,0,0,0,0,0,0,0,0,54,54,0,0,0,0,0,0,0,0,0,11,16,0,27,943,827,1065,929,1112,1025,894,867,840,907,1115,1220,11744,2022
20,State,PUNJAB,432,421,548,522,488,484,485,531,471,578,565,597,6122,0,0,0,0,0,0,0,0,0,0,0,0,0,51,52,75,84,78,76,83,109,84,107,92,87,978,483,473,623,606,566,560,568,640,555,685,657,684,7100,2022
21,State,RAJASTHAN,1958,1957,2012,1980,2217,1978,1847,1733,1900,2102,2156,1780,23620,0,0,0,0,0,0,0,0,0,0,0,0,0,52,52,75,71,79,105,94,100,76,95,89,54,942,2010,2009,2087,2051,2296,2083,1941,1833,1976,2197,2245,1834,24562,2022
22,State,SIKKIM,14,16,21,19,20,22,12,22,8,11,18,16,199,0,0,0,0,0,0,0,0,0,0,0,0,0,0,0,0,0,0,0,0,0,0,0,0,0,0,14,16,21,19,20,22,12,22,8,11,18,16,199,2022
23,State,TAMIL NADU,4972,5115,5771,5305,5546,5704,5518,5560,5321,5628,4515,5150,64105,0,0,0,0,0,0,0,0,0,0,0,0,0,141,130,148,177,170,161,185,166,201,191,175,167,2012,5113,5245,5919,5482,5716,5865,5703,5726,5522,5819,4690,5317,66117,2022
24,State,TELANGANA,1754,1894,1819,1678,2009,1908,1657,1657,1525,1737,1859,2122,21619,0,0,0,0,0,0,0,0,0,0,0,0,0,39,49,33,53,58,46,49,59,55,61,63,51,616,1793,1943,1852,1731,2067,1954,1706,1716,1580,1798,1922,2173,22235,2022
25,State,TRIPURA,60,42,55,49,41,42,53,52,48,48,46,39,575,1,0,0,0,0,0,0,0,0,0,1,0,2,1,3,3,2,0,5,0,1,2,4,4,2,27,62,45,58,51,41,47,53,53,50,52,51,41,604,2022
26,State,UTTAR PRADESH,3486,2896,3058,2945,3228,3006,3006,2789,2568,2817,3389,3687,36875,133,111,106,103,109,93,115,103,115,104,111,137,1340,251,212,271,247,279,301,278,308,274,251,259,259,3190,3870,3219,3435,3295,3616,3400,3399,3200,2957,3172,3759,4083,41405,2022
27,State,UTTARAKHAND,110,101,148,158,140,163,140,143,116,145,150,160,1674,0,0,1,0,0,0,0,0,0,0,0,0,1,6,6,6,7,2,5,6,5,6,9,7,9,74,116,107,155,165,142,168,146,148,122,154,157,169,1749,2022
28,State,WEST BENGAL,868,816,904,858,895,882,884,839,884,963,913,929,10635,33,35,58,47,50,50,34,47,60,57,35,40,546,149,125,180,175,177,202,204,224,212,219,193,161,2221,1050,976,1142,1080,1122,1134,1122,1110,1156,1239,1141,1130,13402,2022
