S.No.,Category,State/UT,Road_Accidents_0000_hrs_to_0300_hrs_Night,Road_Accidents_0300_hrs_to_0600_hrs_Night,Road_Accidents_0600_hrs_to_0900_hrs_Day,Road_Accidents_0900_hrs_to_1200_hrs_Day,Road_Accidents_1200_hrs_to_1500_hrs_Day,Road_Accidents_1500_hrs_to_1800_hrs_Day,Road_Accidents_1800_hrs_to_2100_hrs_Night,Road_Accidents_2100_hrs_to_2400_hrs_Night,Road_Accidents_Total,Railway_Crossing_Accidents_0000_hrs_to_0300_hrs_Night,Railway_Crossing_Accidents_0300_hrs_to_0600_hrs_Night,Railway_Crossing_Accidents_0600_hrs_to_0900_hrs_Day,Railway_Crossing_Accidents_0900_hrs_to_1200_hrs_Day,Railway_Crossing_Accidents_1200_hrs_to_1500_hrs_Day,Railway_Crossing_Accidents_1500_hrs_to_1800_hrs_Day,Railway_Crossing_Accidents_1800_hrs_to_2100_hrs_Night,Railway_Crossing_Accidents_2100_hrs_to_2400_hrs_Night,Railway_Crossing_Accidents_Total,Railway_Accidents_0000_hrs_to_0300_hrs_Night,Railway_Accidents_0300_hrs_to_0600_hrs_Night,Railway_Accidents_0600_hrs_to_0900_hrs_Day,Railway_Accidents_0900_hrs_to_1200_hrs_Day,Railway_Accidents_1200_hrs_to_1500_hrs_Day,Railway_Accidents_1500_hrs_to_1800_hrs_Day,Railway_Accidents_1800_hrs_to_2100_hrs_Night,Railway_Accidents_2100_hrs_to_2400_hrs_Night,Railway_Accidents_Total,Total_Traffic_Accidents_0000_hrs_to_0300_hrs_Night,Total_Traffic_Accidents_0300_hrs_to_0600_hrs_Night,Total_Traffic_Accidents_0600_hrs_to_0900_hrs_Day,Total_Traffic_Accidents_0900_hrs_to_1200_hrs_Day,Total_Traffic_Accidents_1200_hrs_to_1500_hrs_Day,Total_Traffic_Accidents_1500_hrs_to_1800_hrs_Day,Total_Traffic_Accidents_1800_hrs_to_2100_hrs_Night,Total_Traffic_Accidents_2100_hrs_to_2400_hrs_Night,Total_Traffic_Accidents_Total,year
1,State,ANDHRA PRADESH,2160,2080,2492,2157,3143,3750,4133,2924,22839,28,50,35,15,20,20,40,60,268,56,93,265,258,136,103,120,98,1129,2244,2223,2792,2430,3299,3873,4293,3082,24236,2015
2,State,ARUNACHAL PRADESH,7,9,23,50,58,52,53,32,284,0,0,0,0,0,0,0,0,0,0,0,1,0,0,0,0,0,1,7,9,24,50,58,52,53,32,285,2015
3,State,ASSAM,525,485,931,1421,1011,1289,868,429,6959,0,1,2,1,3,3,0,0,10,69,76,94,80,86,80,96,83,664,594,562,1027,1502,1100,1372,964,512,7633,2015
4,State,BIHAR,719,992,1512,1543,1315,1387,1322,777,9567,0,3,4,1,1,2,4,0,15,138,191,248,285,328,222,238,239,1889,857,1186,1764,1829,1644,1611,1564,1016,11471,2015
5,State,CHHATTISGARH,784,974,1757,2608,2064,2520,2400,1339,14446,0,1,0,2,2,2,1,2,10,41,65,88,76,68,53,64,66,521,825,1040,1845,2686,2134,2575,2465,1407,14977,2015
6,State,GOA,247,133,357,661,740,796,875,529,4338,0,0,3,3,1,2,2,0,11,4,5,7,4,3,4,2,7,36,251,138,367,668,744,802,879,536,4385,2015
7,State,GUJARAT,1397,1454,2579,3761,3659,3807,4079,2626,23362,6,8,7,19,12,15,19,26,112,86,93,168,175,131,130,176,125,1084,1489,1555,2754,3955,3802,3952,4274,2777,24558,2015
8,State,HARYANA,933,923,1360,1702,1465,1684,1911,1309,11287,202,187,149,114,118,128,183,209,1290,0,0,0,1,0,0,0,0,1,1135,1110,1509,1817,1583,1812,2094,1518,12578,2015
9,State,HIMACHAL PRADESH,105,91,279,440,610,665,495,325,3010,0,0,0,0,0,0,0,0,0,0,0,0,0,0,0,0,0,0,105,91,279,440,610,665,495,325,3010,2015
10,State,JAMMU & KASHMIR,136,318,473,800,1412,1292,977,439,5847,0,0,0,0,0,0,0,0,0,0,6,11,10,8,8,14,4,61,136,324,484,810,1420,1300,991,443,5908,2015
11,State,JHARKHAND,228,505,702,1075,690,909,688,365,5162,0,1,2,3,0,2,2,0,10,28,38,44,47,28,23,16,3,227,256,544,748,1125,718,934,706,368,5399,2015
12,State,KARNATAKA,2976,3132,4577,6695,6724,7652,7712,4543,44011,0,0,2,0,2,2,0,0,6,106,106,110,117,112,128,108,104,891,3082,3238,4689,6812,6838,7782,7820,4647,44908,2015
13,State,KERALA,901,1410,4945,7101,5786,8537,7419,2915,39014,2,5,4,4,4,6,5,0,30,34,46,43,28,36,31,62,19,299,937,1461,4992,7133,5826,8574,7486,2934,39343,2015
14,State,MADHYA PRADESH,2047,2569,4288,7260,7166,7599,6409,3521,40859,14,36,37,23,25,25,38,26,224,187,247,259,263,257,245,209,150,1817,2248,2852,4584,7546,7448,7869,6656,3697,42900,2015
15,State,MAHARASHTRA,3079,2868,4576,6005,6171,6944,7355,5252,42250,0,0,0,0,0,0,0,0,0,593,444,1031,1312,1012,1107,1230,1077,7806,3672,3312,5607,7317,7183,8051,8585,6329,50056,2015
16,State,MANIPUR,14,7,38,122,133,158,150,46,668,0,0,0,0,0,0,0,0,0,0,0,0,0,0,0,0,0,0,14,7,38,122,133,158,150,46,668,2015
17,State,MEGHALAYA,34,30,29,57,51,73,69,78,421,0,0,0,0,0,0,0,0,0,0,0,0,0,0,0,0,0,0,34,30,29,57,51,73,69,78,421,2015
18,State,MIZORAM,5,5,8,2,8,13,22,8,71,0,0,0,0,0,0,0,0,0,0,0,0,0,0,0,0,0,0,5,5,8,2,8,13,22,8,71,2015
19,State,NAGALAND,5,5,3,6,6,7,8,2,42,3,1,0,2,2,0,0,1,9,0,0,0,0,0,0,0,0,0,8,6,3,8,8,7,8,3,51,2015
20,State,ODISHA,684,986,1289,1500,1493,1848,1637,1105,10542,8,17,14,14,17,12,13,10,105,18,25,29,24,22,20,22,17,177,710,1028,1332,1538,1532,1880,1672,1132,10824,2015
21,State,PUNJAB,379,475,820,842,896,1010,1446,834,6702,0,2,5,3,2,0,2,0,14,73,112,176,206,137,102,76,52,934,452,589,1001,1051,1035,1112,1524,886,7650,2015
22,State,RAJASTHAN,1034,1178,2597,3886,3976,4480,4526,2395,24072,1,2,4,1,3,5,2,0,18,47,54,144,125,119,96,115,70,770,1082,1234,2745,4012,4098,4581,4643,2465,24860,2015
23,State,SIKKIM,6,7,20,29,26,43,43,37,211,0,0,0,0,0,0,0,0,0,0,0,0,0,0,0,0,0,0,6,7,20,29,26,43,43,37,211,2015
24,State,TAMIL NADU,8267,10123,10629,11826,14121,7215,2744,4134,69059,0,0,0,0,0,0,0,0,0,72,95,412,404,204,201,206,148,1742,8339,10218,11041,12230,14325,7416,2950,4282,70801,2015
25,State,TELANGANA,1208,1487,2145,2919,3054,3741,4033,2665,21252,0,1,1,0,2,1,3,0,8,32,28,247,411,118,125,109,70,1140,1240,1516,2393,3330,3174,3867,4145,2735,22400,2015
26,State,TRIPURA,9,10,54,123,142,138,116,55,647,0,0,0,0,0,0,0,0,0,0,0,0,0,0,0,0,0,0,9,10,54,123,142,138,116,55,647,2015
27,State,UTTAR PRADESH,2285,3211,3997,3836,3717,3999,4253,2797,28095,36,56,66,55,54,32,38,21,358,511,609,740,575,501,476,537,482,4431,2832,3876,4803,4466,4272,4507,4828,3300,32884,2015
28,State,UTTARAKHAND,69,82,196,278,223,321,221,133,1523,0,1,1,0,0,0,2,2,6,5,6,13,10,18,29,27,12,120,74,89,210,288,241,350,250,147,1649,2015
29,State,WEST BENGAL,985,1379,2000,3413,2748,2746,2525,1910,17706,1,6,42,22,10,13,45,10,149,96,329,406,434,335,393,501,232,2726,1082,1714,2448,3869,3093,3152,3071,2152,20581,2015
30,UT,A & N ISLANDS,1,3,25,45,39,48,67,30,258,0,0,0,0,0,0,0,0,0,0,0,0,0,0,0,0,0,0,1,3,25,45,39,48,67,30,258,2015
31,UT,CHANDIGARH,22,13,22,52,62,55,97,90,413,0,0,0,0,0,0,0,0,0,0,0,0,0,0,0,0,0,0,22,13,22,52,62,55,97,90,413,2015
32,UT,D & N HAVELI,3,2,8,5,12,12,17,10,69,0,0,0,0,0,0,0,0,0,0,0,0,0,0,0,0,0,0,3,2,8,5,12,12,17,10,69,2015
33,UT,DAMAN & DIU,5,1,8,5,12,17,17,5,70,0,0,0,0,0,0,0,0,0,0,0,0,0,0,0,0,0,0,5,1,8,5,12,17,17,5,70,2015
34,UT,DELHI (UT),767,712,870,920,982,1143,1338,1353,8085,0,2,6,4,1,3,0,0,16,100,112,129,116,100,122,153,106,938,867,826,1005,1040,1083,1268,1491,1459,9039,2015
35,UT,LAKSHADWEEP,0,0,0,0,1,1,0,1,3,0,0,0,0,0,0,0,0,0,0,0,0,0,0,0,0,0,0,0,0,0,0,1,1,0,1,3,2015
36,UT,PUDUCHERRY,101,112,206,203,201,190,316,201,1530,0,0,0,0,0,0,0,0,0,0,7,3,1,0,1,3,0,15,101,119,209,204,201,191,319,201,1545,2015
37,State,ANDHRA PRADESH,1375,1639,2583,3310,3434,4128,4571,2618,23658,9,15,50,65,30,10,5,5,189,93,104,210,236,161,141,133,125,1203,1477,1758,2843,3611,3625,4279,4709,2748,25050,2016
38,State,ARUNACHAL PRADESH,8,9,28,35,45,53,32,17,227,0,0,0,0,0,0,0,0,0,0,0,0,0,0,0,0,0,0,8,9,28,35,45,53,32,17,227,2016
39,State,ASSAM,485,586,1004,1252,1093,1188,979,683,7270,2,2,2,1,1,0,0,1,9,83,80,74,74,70,69,84,89,623,570,668,1080,1327,1164,1257,1063,773,7902,2016
40,State,BIHAR,435,963,1362,1518,1225,1134,1005,580,8222,1,1,25,19,3,6,14,0,69,98,260,233,207,226,264,276,127,1691,534,1224,1620,1744,1454,1404,1295,707,9982,2016
41,State,CHHATTISGARH,627,555,1541,2215,2154,2480,2754,1255,13581,4,5,15,14,7,7,6,5,63,36,45,70,67,51,51,61,59,440,667,605,1626,2296,2212,2538,2821,1319,14084,2016
42,State,GOA,235,153,379,685,692,817,861,482,4304,0,0,0,0,0,0,0,0,0,2,6,5,7,3,7,4,7,41,237,159,384,692,695,824,865,489,4345,2016
43,State,GUJARAT,1578,1473,2448,3457,3263,3370,3745,2224,21558,25,25,21,33,21,17,21,23,186,88,69,136,117,121,114,158,125,928,1691,1567,2605,3607,3405,3501,3924,2372,22672,2016
44,State,HARYANA,888,1058,1341,1490,1616,1783,1887,1262,11325,77,130,279,214,138,130,145,105,1218,0,0,0,0,0,0,0,0,0,965,1188,1620,1704,1754,1913,2032,1367,12543,2016
45,State,HIMACHAL PRADESH,115,91,384,546,491,600,604,322,3153,0,0,0,0,0,0,0,0,0,0,0,0,0,0,0,0,0,0,115,91,384,546,491,600,604,322,3153,2016
46,State,JAMMU & KASHMIR,195,410,523,927,1150,1122,733,417,5477,0,0,0,0,0,0,0,0,0,2,7,11,6,9,10,4,0,49,197,417,534,933,1159,1132,737,417,5526,2016
47,State,JHARKHAND,644,558,747,692,558,609,566,558,4932,5,8,6,5,6,5,1,1,37,13,20,67,90,75,82,51,41,439,662,586,820,787,639,696,618,600,5408,2016
48,State,KARNATAKA,2672,3117,4888,7162,7022,7420,7316,4839,44436,0,0,0,0,0,0,0,0,0,0,0,0,0,0,0,0,0,0,2672,3117,4888,7162,7022,7420,7316,4839,44436,2016
49,State,KERALA,960,1695,4928,7368,6047,8096,7177,3149,39420,16,16,13,6,5,13,10,14,93,36,53,50,34,22,30,31,31,287,1012,1764,4991,7408,6074,8139,7218,3194,39800,2016
50,State,MADHYA PRADESH,2281,2778,5403,8700,8893,9353,9148,5388,51944,17,21,30,31,30,27,33,36,225,148,194,214,255,229,210,219,179,1648,2446,2993,5647,8986,9152,9590,9400,5603,53817,2016
51,State,MAHARASHTRA,2950,3005,4045,5382,5389,6216,6412,4487,37886,0,0,0,0,0,0,0,0,0,534,420,946,1161,914,1005,1221,959,7160,3484,3425,4991,6543,6303,7221,7633,5446,45046,2016
52,State,MANIPUR,14,7,38,122,133,158,150,46,668,0,0,0,0,0,0,0,0,0,0,0,0,0,0,0,0,0,0,14,7,38,122,133,158,150,46,668,2016
53,State,MEGHALAYA,11,12,35,34,36,60,52,42,282,0,0,0,0,0,0,0,0,0,0,0,0,0,0,0,0,0,0,11,12,35,34,36,60,52,42,282,2016
54,State,MIZORAM,3,8,4,5,6,21,11,6,64,0,0,0,0,0,0,0,0,0,0,0,0,0,0,0,0,0,0,3,8,4,5,6,21,11,6,64,2016
55,State,NAGALAND,4,3,4,2,7,9,15,9,53,0,1,6,2,2,1,0,2,14,0,0,0,0,0,0,0,0,0,4,4,10,4,9,10,15,11,67,2016
56,State,ODISHA,620,705,1175,1627,1642,1851,1810,1102,10532,3,11,31,28,19,16,11,7,126,9,21,14,9,11,16,19,18,117,632,737,1220,1664,1672,1883,1840,1127,10775,2016
57,State,PUNJAB,343,458,915,1000,987,1091,1436,722,6952,0,1,1,0,1,1,1,0,5,5,26,68,232,321,171,48,12,883,348,485,984,1232,1309,1263,1485,734,7840,2016
58,State,RAJASTHAN,936,957,2447,3680,3981,4396,4322,2347,23066,2,7,7,7,7,3,3,1,37,53,74,124,100,96,87,106,83,723,991,1038,2578,3787,4084,4486,4431,2431,23826,2016
59,State,SIKKIM,11,14,21,30,32,40,35,40,223,0,0,0,0,0,0,0,0,0,0,0,0,0,0,0,0,0,0,11,14,21,30,32,40,35,40,223,2016
60,State,TAMIL NADU,2883,4175,8592,10448,10391,12501,15072,7369,71431,0,0,0,0,0,0,0,0,0,105,128,409,422,186,241,207,154,1852,2988,4303,9001,10870,10577,12742,15279,7523,73283,2016
61,State,TELANGANA,1607,1931,2276,2975,3239,3956,4139,2688,22811,0,0,0,0,0,0,0,0,0,40,35,171,239,128,119,93,77,902,1647,1966,2447,3214,3367,4075,4232,2765,23713,2016
62,State,TRIPURA,4,9,66,124,101,93,103,57,557,1,3,1,0,1,3,2,3,14,0,0,0,0,0,0,0,0,0,5,12,67,124,102,96,105,60,571,2016
63,State,UTTAR PRADESH,2628,3139,4064,4040,3752,4536,5160,3289,30608,67,103,109,60,48,79,110,58,634,316,395,513,410,357,398,471,441,3301,3011,3637,4686,4510,4157,5013,5741,3788,34543,2016
64,State,UTTARAKHAND,65,219,352,216,196,237,136,124,1545,2,6,3,4,2,3,4,9,33,0,1,2,2,0,4,3,1,13,67,226,357,222,198,244,143,134,1591,2016
65,State,WEST BENGAL,1125,1419,2133,2016,2666,2856,2815,1919,16949,5,6,35,39,8,20,42,10,165,132,290,334,483,329,431,509,182,2690,1262,1715,2502,2538,3003,3307,3366,2111,19804,2016
66,UT,A & N ISLANDS,8,9,29,34,49,52,40,17,238,0,0,0,0,0,0,0,0,0,0,0,0,0,0,0,0,0,0,8,9,29,34,49,52,40,17,238,2016
67,UT,CHANDIGARH,30,15,37,58,69,63,69,85,426,0,0,0,0,0,0,0,0,0,0,0,0,0,0,0,0,0,0,30,15,37,58,69,63,69,85,426,2016
68,UT,D & N HAVELI,1,1,5,8,10,15,16,14,70,0,0,0,0,0,0,0,0,0,0,0,0,0,0,0,0,0,0,1,1,5,8,10,15,16,14,70,2016
69,UT,DAMAN & DIU,2,0,6,5,8,5,13,4,43,0,0,0,0,0,0,0,0,0,0,0,0,0,0,0,0,0,0,2,0,6,5,8,5,13,4,43,2016
70,UT,DELHI (UT),769,738,799,881,970,962,1123,1133,7375,0,0,4,2,0,0,0,0,6,36,64,178,145,124,125,134,128,934,805,802,981,1028,1094,1087,1257,1261,8315,2016
71,UT,LAKSHADWEEP,0,0,0,0,0,0,0,1,1,0,0,0,0,0,0,0,0,0,0,0,0,0,0,0,0,0,0,0,0,0,0,0,0,0,1,1,2016
72,UT,PUDUCHERRY,180,142,191,185,189,300,360,216,1763,0,0,0,0,0,0,0,0,0,0,0,1,1,0,0,1,0,3,180,142,192,186,189,300,361,216,1766,2016
73,State,ANDHRA PRADESH,1320,1636,2695,3225,3599,3817,3883,2281,22456,0,0,0,0,0,0,0,0,0,92,125,278,290,157,123,146,151,1362,1412,1761,2973,3515,3756,3940,4029,2432,23818,2017
74,State,ARUNACHAL PRADESH,1,3,7,22,23,31,34,6,127,0,0,0,0,0,0,0,0,0,0,0,0,0,0,0,0,0,0,1,3,7,22,23,31,34,6,127,2017
75,State,ASSAM,441,537,864,1226,1030,1131,919,657,6805,0,0,0,0,0,0,0,0,0,50,59,81,86,84,82,63,61,566,491,596,945,1312,1114,1213,982,718,7371,2017
76,State,BIHAR,430,841,1545,1776,1283,1398,1103,479,8855,57,24,22,25,24,12,51,24,239,320,376,153,106,271,61,127,115,1529,807,1241,1720,1907,1578,1471,1281,618,10623,2017
77,State,CHHATTISGARH,644,1138,1701,2047,2233,2402,2385,1013,13563,0,0,2,1,0,1,1,1,6,41,43,61,67,53,49,53,49,416,685,1181,1764,2115,2286,2452,2439,1063,13985,2017
78,State,GOA,284,227,337,561,617,753,685,456,3920,0,0,0,0,0,0,0,0,0,6,5,10,5,3,7,6,10,52,290,232,347,566,620,760,691,466,3972,2017
79,State,GUJARAT,1172,1190,2152,2863,2732,3144,3364,2014,18631,0,0,0,0,0,0,0,0,0,88,98,185,130,104,115,175,123,1018,1260,1288,2337,2993,2836,3259,3539,2137,19649,2017
80,State,HARYANA,911,1177,1433,1459,1545,1678,2038,1441,11682,2,4,19,21,7,10,19,11,93,166,189,141,153,120,213,541,477,2000,1079,1370,1593,1633,1672,1901,2598,1929,13775,2017
81,State,HIMACHAL PRADESH,176,164,387,477,413,532,577,385,3111,0,0,0,0,0,0,0,0,0,0,0,0,0,0,0,0,0,0,176,164,387,477,413,532,577,385,3111,2017
82,State,JAMMU & KASHMIR,166,286,533,915,1226,1246,786,285,5443,0,0,0,0,0,0,0,0,0,1,3,21,11,8,9,11,1,65,167,289,554,926,1234,1255,797,286,5508,2017
83,State,JHARKHAND,335,373,696,888,816,785,875,430,5198,0,5,0,2,3,0,0,0,10,16,41,76,93,69,74,38,14,421,351,419,772,983,888,859,913,444,5629,2017
84,State,KARNATAKA,2450,2650,4948,6543,6786,7534,7137,4494,42542,0,0,0,0,0,0,0,0,0,0,1,0,0,0,2,2,1,6,2450,2651,4948,6543,6786,7536,7139,4495,42548,2017
85,State,KERALA,897,1730,6165,6871,6211,8056,6751,1789,38470,12,32,20,20,15,22,17,17,155,37,54,44,33,27,36,48,39,318,946,1816,6229,6924,6253,8114,6816,1845,38943,2017
86,State,MADHYA PRADESH,1962,1748,4626,7831,8683,9085,9410,5245,48590,9,4,21,17,20,23,15,19,128,163,170,186,221,218,201,138,122,1419,2134,1922,4833,8069,8921,9309,9563,5386,50137,2017
87,State,MAHARASHTRA,1874,1999,3012,4265,4370,4806,5034,3463,28823,0,0,0,0,0,0,0,0,0,481,336,843,1090,1012,926,1178,952,6818,2355,2335,3855,5355,5382,5732,6212,4415,35641,2017
88,State,MANIPUR,4,17,50,99,124,124,117,51,586,0,0,0,0,0,0,0,0,0,0,0,0,0,0,0,0,0,0,4,17,50,99,124,124,117,51,586,2017
89,State,MEGHALAYA,31,27,30,33,41,31,54,39,286,0,0,0,0,0,0,0,0,0,0,0,0,0,0,0,0,0,0,31,27,30,33,41,31,54,39,286,2017
90,State,MIZORAM,4,5,11,11,9,10,10,5,65,0,0,0,0,0,0,0,0,0,0,0,0,0,0,0,0,0,0,4,5,11,11,9,10,10,5,65,2017
91,State,NAGALAND,2,1,6,11,11,11,13,5,60,2,0,1,3,1,0,1,1,9,0,0,0,0,0,0,0,0,0,4,1,7,14,12,11,14,6,69,2017
92,State,ODISHA,953,1068,1122,1481,1601,1753,1707,1170,10855,0,0,1,0,0,0,0,0,1,22,21,59,74,65,70,33,36,380,975,1089,1182,1555,1666,1823,1740,1206,11236,2017
93,State,PUNJAB,428,451,827,807,931,972,1132,774,6322,0,0,0,2,0,1,0,0,3,26,49,178,160,118,113,123,75,842,454,500,1005,969,1049,1086,1255,849,7167,2017
94,State,RAJASTHAN,923,1154,2180,3257,3937,4382,4057,2222,22112,0,0,0,0,0,0,0,0,0,37,45,88,90,76,92,87,92,607,960,1199,2268,3347,4013,4474,4144,2314,22719,2017
95,State,SIKKIM,13,8,17,20,36,29,30,18,171,0,0,0,0,0,0,0,0,0,0,0,0,0,0,0,0,0,0,13,8,17,20,36,29,30,18,171,2017
96,State,TAMIL NADU,2308,3613,7897,9402,9404,11666,14486,6786,65562,0,0,0,1,0,1,1,0,3,96,96,475,425,263,248,250,177,2030,2404,3709,8372,9828,9667,11915,14737,6963,67595,2017
97,State,TELANGANA,1210,1239,2162,3188,3250,4174,4688,2573,22484,0,0,0,0,0,0,0,0,0,44,35,168,162,86,75,79,49,698,1254,1274,2330,3350,3336,4249,4767,2622,23182,2017
98,State,TRIPURA,11,22,43,101,76,111,88,52,504,1,6,8,4,1,3,1,0,24,0,0,2,0,1,0,4,0,7,12,28,53,105,78,114,93,52,535,2017
99,State,UTTAR PRADESH,3026,3351,4387,4801,4717,4848,5489,3960,34579,85,90,106,80,84,92,112,80,729,337,426,451,374,336,358,378,356,3016,3448,3867,4944,5255,5137,5298,5979,4396,38324,2017
100,State,UTTARAKHAND,113,107,165,205,231,265,264,230,1580,3,4,0,0,0,0,3,9,19,1,4,1,0,0,1,3,3,13,117,115,166,205,231,266,270,242,1612,2017
101,State,WEST BENGAL,827,1215,1588,2072,2069,2020,1992,1527,13310,0,2,9,51,43,39,8,2,154,136,205,313,693,485,490,280,121,2723,963,1422,1910,2816,2597,2549,2280,1650,16187,2017
102,UT,A & N ISLANDS,3,7,20,27,33,41,39,19,189,0,0,0,0,0,0,0,0,0,0,0,0,0,0,0,0,0,0,3,7,20,27,33,41,39,19,189,2017
103,UT,CHANDIGARH,23,11,56,77,37,59,42,31,336,0,0,0,0,0,0,0,0,0,0,0,0,0,0,0,0,0,0,23,11,56,77,37,59,42,31,336,2017
104,UT,D & N HAVELI,1,1,3,5,11,19,17,10,67,0,0,0,0,0,0,0,0,0,0,0,0,0,0,0,0,0,0,1,1,3,5,11,19,17,10,67,2017
105,UT,DAMAN & DIU,6,0,5,7,15,16,16,14,79,0,0,0,0,0,0,0,0,0,0,0,0,0,0,0,0,0,0,6,0,5,7,15,16,16,14,79,2017
106,UT,DELHI (UT),747,701,724,730,802,871,1037,1060,6672,1,3,2,1,0,2,4,2,15,94,104,106,125,103,102,135,122,891,842,808,832,856,905,975,1176,1184,7578,2017
107,UT,LAKSHADWEEP,0,0,0,0,0,1,1,0,2,0,0,0,0,0,0,0,0,0,0,0,0,0,0,0,0,0,0,0,0,0,0,0,1,1,0,2,2017
108,UT,PUDUCHERRY,88,84,220,241,254,278,307,221,1693,0,0,0,0,0,0,0,0,0,0,0,0,0,0,0,0,0,0,88,84,220,241,254,278,307,221,1693,2017
109,State,ANDHRA PRADESH,1241,1462,2309,2933,3229,3705,4007,2122,21008,0,0,0,0,0,0,0,1,1,229,160,284,315,145,132,112,148,1525,1470,1622,2593,3248,3374,3837,4119,2271,22534,2018
110,State,ARUNACHAL PRADESH,12,12,18,28,30,63,43,23,229,0,0,0,0,0,0,0,0,0,0,0,0,0,0,0,0,0,0,12,12,18,28,30,63,43,23,229,2018
111,State,ASSAM,385,721,999,1166,985,1225,1002,697,7180,0,1,5,2,3,4,5,1,21,50,58,72,72,80,80,94,49,555,435,780,1076,1240,1068,1309,1101,747,7756,2018
112,State,BIHAR,477,1131,1714,1851,1483,1329,1065,550,9600,60,25,14,9,11,27,27,49,222,277,227,240,160,177,187,212,103,1583,814,1383,1968,2020,1671,1543,1304,702,11405,2018
113,State,CHHATTISGARH,673,721,1571,1859,2183,2643,2924,1291,13865,0,0,3,8,4,7,4,2,28,17,37,68,65,46,60,53,54,400,690,758,1642,1932,2233,2710,2981,1347,14293,2018
114,State,GOA,279,212,389,564,538,632,648,448,3710,0,0,0,0,0,0,0,0,0,5,6,5,2,4,3,8,6,39,284,218,394,566,542,635,656,454,3749,2018
115,State,GUJARAT,1182,1101,1929,2862,2990,3129,3271,1950,18414,0,0,0,0,0,0,0,0,0,76,80,176,125,107,138,188,124,1014,1258,1181,2105,2987,3097,3267,3459,2074,19428,2018
116,State,HARYANA,883,1053,1360,1535,1733,1661,1923,1504,11652,1,1,0,0,1,0,1,2,6,326,197,216,189,203,229,318,463,2141,1210,1251,1576,1724,1937,1890,2242,1969,13799,2018
117,State,HIMACHAL PRADESH,143,106,246,419,462,577,733,433,3119,0,0,0,0,0,0,0,0,0,0,0,0,0,0,0,0,0,0,143,106,246,419,462,577,733,433,3119,2018
118,State,JAMMU & KASHMIR,232,338,509,999,1182,1276,979,482,5997,0,1,1,0,0,0,0,0,2,0,5,15,13,11,8,12,0,64,232,344,525,1012,1193,1284,991,482,6063,2018
119,State,JHARKHAND,243,304,762,953,830,976,883,443,5394,0,0,3,4,2,0,0,0,9,24,47,94,81,78,56,49,18,447,267,351,859,1038,910,1032,932,461,5850,2018
120,State,KARNATAKA,2137,2465,4411,6069,6428,7355,8238,4604,41707,0,0,0,0,0,0,0,0,0,0,0,0,0,0,0,0,0,0,2137,2465,4411,6069,6428,7355,8238,4604,41707,2018
121,State,KERALA,914,1075,4736,7396,6182,8011,8382,3485,40181,12,36,27,14,17,20,29,25,180,23,31,52,26,31,30,37,28,258,949,1142,4815,7436,6230,8061,8448,3538,40619,2018
122,State,MADHYA PRADESH,2432,2166,4282,7376,8329,8641,8988,5255,47469,12,10,31,21,24,21,21,12,152,203,192,208,186,199,162,155,154,1459,2647,2368,4521,7583,8552,8824,9164,5421,49080,2018
123,State,MAHARASHTRA,2088,2187,2945,3961,4453,4809,5351,3946,29740,0,0,0,0,0,0,0,0,0,459,394,872,986,891,834,1031,882,6349,2547,2581,3817,4947,5344,5643,6382,4828,36089,2018
124,State,MANIPUR,36,31,59,82,96,116,130,52,602,0,0,0,0,0,0,0,0,0,0,0,0,0,0,0,0,0,0,36,31,59,82,96,116,130,52,602,2018
125,State,MEGHALAYA,24,16,18,37,38,48,43,34,258,0,0,0,1,0,0,0,0,1,0,0,0,0,0,0,0,0,0,24,16,18,38,38,48,43,34,259,2018
126,State,MIZORAM,3,5,6,6,7,12,7,4,50,0,0,0,0,0,0,0,0,0,0,0,0,0,0,0,0,0,0,3,5,6,6,7,12,7,4,50,2018
127,State,NAGALAND,3,4,5,3,6,10,8,11,50,0,1,3,0,1,1,1,2,9,0,0,0,0,0,0,0,0,0,3,5,8,3,7,11,9,13,59,2018
128,State,ODISHA,680,780,1174,1584,1718,1993,2207,1126,11262,0,2,1,0,0,0,0,0,3,40,80,55,40,37,63,50,62,427,720,862,1230,1624,1755,2056,2257,1188,11692,2018
129,State,PUNJAB,504,566,818,813,773,881,1257,812,6424,0,0,0,0,0,0,0,0,0,44,61,208,172,124,92,96,68,865,548,627,1026,985,897,973,1353,880,7289,2018
130,State,RAJASTHAN,1112,1281,2150,3116,3565,4123,4184,2212,21743,0,0,0,0,0,2,1,0,3,51,48,111,98,86,92,90,79,655,1163,1329,2261,3214,3651,4217,4275,2291,22401,2018
131,State,SIKKIM,14,11,10,23,26,31,35,19,169,0,0,0,0,0,0,0,0,0,0,0,0,0,0,0,0,0,0,14,11,10,23,26,31,35,19,169,2018
132,State,TAMIL NADU,2450,3319,7657,9384,9478,11171,14238,6223,63920,2,0,2,1,1,0,0,0,6,95,158,511,409,292,284,244,191,2184,2547,3477,8170,9794,9771,11455,14482,6414,66110,2018
133,State,TELANGANA,1043,1183,2372,3196,3442,4249,4485,2260,22230,0,0,0,0,0,0,0,0,0,42,60,145,147,104,55,41,43,637,1085,1243,2517,3343,3546,4304,4526,2303,22867,2018
134,State,TRIPURA,15,7,51,79,88,111,119,81,551,4,2,5,0,0,5,0,0,16,0,0,0,0,0,1,4,2,7,19,9,56,79,88,117,123,83,574,2018
135,State,UTTAR PRADESH,3468,3305,4289,4885,4590,5179,6300,4839,36855,53,68,93,93,81,83,95,90,656,373,413,448,395,417,411,413,402,3272,3894,3786,4830,5373,5088,5673,6808,5331,40783,2018
136,State,UTTARAKHAND,107,138,196,178,175,237,260,178,1469,3,2,2,1,0,1,4,4,17,4,2,2,1,0,2,2,3,16,114,142,200,180,175,240,266,185,1502,2018
137,State,WEST BENGAL,979,1137,1379,1720,1795,1794,1688,1335,11827,0,3,13,65,37,20,2,2,142,124,214,418,818,487,285,301,109,2756,1103,1354,1810,2603,2319,2099,1991,1446,14725,2018
138,UT,A & N ISLANDS,6,10,35,38,40,48,52,25,254,0,0,0,0,0,0,0,0,0,0,0,0,0,0,0,0,0,0,6,10,35,38,40,48,52,25,254,2018
139,UT,CHANDIGARH,19,10,52,73,33,52,43,35,317,0,0,0,0,0,0,0,0,0,0,0,0,0,0,0,0,0,0,19,10,52,73,33,52,43,35,317,2018
140,UT,D & N HAVELI,2,1,6,11,8,14,25,13,80,0,0,0,0,0,0,0,0,0,0,0,0,0,0,0,0,0,0,2,1,6,11,8,14,25,13,80,2018
141,UT,DAMAN & DIU,6,1,3,9,11,13,16,12,71,0,0,0,0,0,0,0,0,0,0,0,0,0,0,0,0,0,0,6,1,3,9,11,13,16,12,71,2018
142,UT,DELHI (UT),793,675,738,745,731,817,1059,959,6517,0,0,3,1,0,0,2,0,6,98,152,145,142,101,122,150,80,990,891,827,886,888,832,939,1211,1039,7513,2018
143,UT,LAKSHADWEEP,0,0,0,0,1,1,1,0,3,0,0,0,0,0,0,0,0,0,0,0,0,0,0,0,0,0,0,0,0,0,0,1,1,1,0,3,2018
144,UT,PUDUCHERRY,58,88,230,301,151,297,346,126,1597,0,0,0,0,0,0,0,1,1,0,0,0,0,0,0,0,0,0,58,88,230,301,151,297,346,127,1598,2018
145,State,ANDHRA PRADESH,858,1206,2311,2864,3261,3679,4425,2073,20677,0,0,0,0,0,0,0,0,0,89,67,357,430,220,147,114,87,1511,947,1273,2668,3294,3481,3826,4539,2160,22188,2019
146,State,ARUNACHAL PRADESH,12,12,17,24,24,52,43,16,200,0,0,0,0,0,0,0,0,0,0,0,0,0,0,0,0,0,0,12,12,17,24,24,52,43,16,200,2019
147,State,ASSAM,443,548,958,1481,1244,1420,1122,839,8055,0,0,1,1,1,1,0,1,5,35,68,74,78,90,96,80,70,591,478,616,1033,1560,1335,1517,1202,910,8651,2019
148,State,BIHAR,566,1665,1627,1630,1201,1485,1255,578,10007,22,59,21,29,20,28,26,36,241,130,155,224,250,192,215,178,245,1589,718,1879,1872,1909,1413,1728,1459,859,11837,2019
149,State,CHHATTISGARH,563,632,1515,2107,2226,2598,2882,1376,13899,0,1,0,0,0,0,0,0,1,31,55,75,64,67,73,59,42,466,594,688,1590,2171,2293,2671,2941,1418,14366,2019
150,State,GOA,245,150,306,528,563,595,635,418,3440,0,0,0,0,0,0,0,0,0,5,7,6,8,3,7,6,8,50,250,157,312,536,566,602,641,426,3490,2019
151,State,GUJARAT,906,808,1643,2586,2576,2750,3396,1838,16503,0,0,0,0,0,0,0,0,0,80,91,151,136,113,131,169,123,994,986,899,1794,2722,2689,2881,3565,1961,17497,2019
152,State,HARYANA,740,927,1281,1477,1552,1738,1946,1276,10937,12,13,9,19,16,16,12,7,104,134,119,248,190,154,174,192,151,1362,886,1059,1538,1686,1722,1928,2150,1434,12403,2019
153,State,HIMACHAL PRADESH,136,91,220,372,430,575,679,393,2896,0,0,0,0,0,0,0,0,0,0,0,0,0,0,0,0,0,0,136,91,220,372,430,575,679,393,2896,2019
154,State,JAMMU & KASHMIR,191,250,531,1088,1182,1145,935,473,5795,0,0,0,0,0,0,0,0,0,1,6,7,5,7,6,11,1,44,192,256,538,1093,1189,1151,946,474,5839,2019
155,State,JHARKHAND,317,499,708,828,837,804,809,415,5217,0,0,0,1,1,0,0,0,2,32,42,67,87,89,65,57,44,483,349,541,775,916,927,869,866,459,5702,2019
156,State,KARNATAKA,1870,2052,4319,6026,6590,7164,8197,4426,40644,3,3,2,3,2,4,2,3,22,0,0,0,0,0,0,0,0,0,1873,2055,4321,6029,6592,7168,8199,4429,40666,2019
157,State,KERALA,1063,1394,4866,7312,6199,7862,7962,3286,39944,23,26,12,13,12,20,34,20,160,27,35,41,32,15,32,35,33,250,1113,1455,4919,7357,6226,7914,8031,3339,40354,2019
158,State,MADHYA PRADESH,2720,2467,4936,7616,8884,9284,9767,5967,51641,30,28,34,21,33,29,21,34,230,203,201,194,181,176,184,184,185,1508,2953,2696,5164,7818,9093,9497,9972,6186,53379,2019
159,State,MAHARASHTRA,2047,2040,2694,3771,4107,4509,4801,3317,27286,0,0,0,0,0,0,0,0,0,476,444,873,974,794,893,1061,823,6338,2523,2484,3567,4745,4901,5402,5862,4140,33624,2019
160,State,MANIPUR,14,16,81,101,127,127,143,63,672,0,0,0,0,0,0,0,0,0,0,0,0,0,0,0,0,0,0,14,16,81,101,127,127,143,63,672,2019
161,State,MEGHALAYA,17,22,25,28,33,39,36,36,236,0,0,0,0,0,0,0,0,0,0,0,0,0,0,0,0,0,0,17,22,25,28,33,39,36,36,236,2019
162,State,MIZORAM,3,7,3,9,4,12,9,10,57,0,0,0,0,0,0,0,0,0,0,0,0,0,0,0,0,0,0,3,7,3,9,4,12,9,10,57,2019
163,State,NAGALAND,0,1,3,6,5,5,5,1,26,0,0,4,0,1,0,1,2,8,0,0,0,0,0,0,0,0,0,0,1,7,6,6,5,6,3,34,2019
164,State,ODISHA,1023,1193,1399,1367,1359,1456,1485,1782,11064,0,0,0,0,0,0,0,0,0,32,60,74,70,58,35,62,53,444,1055,1253,1473,1437,1417,1491,1547,1835,11508,2019
165,State,PUNJAB,347,414,705,824,867,967,1215,977,6316,0,0,0,0,0,0,0,0,0,41,27,206,168,126,122,128,75,893,388,441,911,992,993,1089,1343,1052,7209,2019
166,State,RAJASTHAN,1048,1200,2503,3395,4022,4702,4369,2239,23478,0,0,0,0,0,0,0,0,0,54,67,106,129,110,132,116,89,803,1102,1267,2609,3524,4132,4834,4485,2328,24281,2019
167,State,SIKKIM,5,6,11,28,37,33,41,11,172,0,0,0,0,0,0,0,0,0,0,0,0,0,0,0,0,0,0,5,6,11,28,37,33,41,11,172,2019
168,State,TAMIL NADU,2008,2781,6768,8190,8109,9971,13143,6258,57228,0,0,2,0,1,0,2,0,5,132,153,515,477,246,266,273,204,2266,2140,2934,7285,8667,8356,10237,13418,6462,59499,2019
169,State,TELANGANA,1124,991,2227,3105,3260,4131,4489,2243,21570,0,0,0,0,0,0,0,0,0,48,33,129,162,70,61,67,56,626,1172,1024,2356,3267,3330,4192,4556,2299,22196,2019
170,State,TRIPURA,13,8,59,128,133,149,114,51,655,1,3,5,4,4,3,4,3,27,0,1,2,1,0,1,0,0,5,14,12,66,133,137,153,118,54,687,2019
171,State,UTTAR PRADESH,3612,3701,4401,4953,4962,5476,5823,4609,37537,46,112,147,120,107,125,132,62,851,450,534,597,509,475,458,508,449,3980,4108,4347,5145,5582,5544,6059,6463,5120,42368,2019
172,State,UTTARAKHAND,115,116,152,185,209,202,200,173,1352,2,2,0,0,1,0,0,3,8,5,5,3,3,4,3,9,9,41,122,123,155,188,214,205,209,185,1401,2019
173,State,WEST BENGAL,944,992,1345,1821,1742,1990,1979,1420,12233,0,5,27,22,19,20,19,1,113,119,237,424,404,600,515,460,117,2876,1063,1234,1796,2247,2361,2525,2458,1538,15222,2019
174,UT,A & NISLANDS,9,3,26,39,42,43,42,26,230,0,0,0,0,0,0,0,0,0,0,0,0,0,0,0,0,0,0,9,3,26,39,42,43,42,26,230,2019
175,UT,CHANDIGARH,16,7,46,36,39,43,65,52,304,0,0,0,0,0,0,0,0,0,0,0,0,0,0,0,0,0,0,16,7,46,36,39,43,65,52,304,2019
176,UT,D & N HAVELI,1,0,5,4,16,18,13,11,68,0,0,0,0,0,0,0,0,0,0,0,0,0,0,0,0,0,0,1,0,5,4,16,18,13,11,68,2019
177,UT,DAMAN & DIU,8,3,1,4,8,14,12,13,63,0,0,0,0,0,0,0,0,0,0,0,0,0,0,0,0,0,0,8,3,1,4,8,14,12,13,63,2019
178,UT,DELHI (UT),521,482,645,708,669,735,946,895,5601,0,2,2,1,3,1,1,1,11,52,78,145,110,121,109,147,96,858,573,562,792,819,793,845,1094,992,6470,2019
179,UT,LAKSHADWEEP,0,0,0,1,0,0,0,0,1,0,0,0,0,0,0,0,0,0,0,0,0,0,0,0,0,0,0,0,0,0,1,0,0,0,0,1,2019
180,UT,PUDUCHERRY,180,185,180,190,201,190,114,152,1392,0,0,0,0,0,0,0,0,0,3,0,0,0,0,0,4,2,9,183,185,180,190,201,190,118,154,1401,2019
181,State,ANDHRA PRADESH,483,966,2242,2776,2748,3476,3793,1440,17924,0,0,0,0,0,0,0,0,0,27,34,159,158,68,79,47,39,611,510,1000,2401,2934,2816,3555,3840,1479,18535,2020
182,State,ARUNACHAL PRADESH,7,4,15,22,24,34,34,19,159,0,0,0,0,0,0,0,0,0,0,0,0,0,0,0,0,0,0,7,4,15,22,24,34,34,19,159,2020
183,State,ASSAM,495,577,726,1205,1114,1087,915,618,6737,1,1,0,0,0,0,3,3,8,35,64,52,55,75,61,69,2,413,531,642,778,1260,1189,1148,987,623,7158,2020
184,State,BIHAR,422,837,1100,1599,1093,1829,1178,581,8639,12,24,30,20,26,25,26,28,191,65,88,89,102,122,100,101,113,780,499,949,1219,1721,1241,1954,1305,722,9610,2020
185,State,CHHATTISGARH,598,738,1225,1808,2083,2228,2082,912,11674,0,0,1,0,1,0,2,0,4,31,58,57,36,32,29,44,41,328,629,796,1283,1844,2116,2257,2128,953,12006,2020
186,State,GOA,175,95,208,372,338,413,463,311,2375,0,0,0,0,0,0,0,0,0,7,2,7,1,1,2,2,1,23,182,97,215,373,339,415,465,312,2398,2020
187,State,GUJARAT,777,808,1476,2035,2207,2272,2616,1216,13407,0,0,0,1,0,0,0,0,1,46,32,63,61,48,67,90,83,490,823,840,1539,2097,2255,2339,2706,1299,13898,2020
188,State,HARYANA,547,800,1110,1216,1299,1453,1876,1205,9506,5,5,7,10,5,9,8,8,57,50,54,86,65,81,82,62,43,523,602,859,1203,1291,1385,1544,1946,1256,10086,2020
189,State,HIMACHAL PRADESH,101,47,190,283,292,471,545,306,2235,0,0,0,0,0,0,0,0,0,0,0,0,0,0,0,0,0,0,101,47,190,283,292,471,545,306,2235,2020
190,State,JHARKHAND,213,266,575,827,817,698,664,345,4405,0,5,0,6,2,3,6,0,22,14,41,43,48,43,37,31,17,274,227,312,618,881,862,738,701,362,4701,2020
191,State,KARNATAKA,1835,1921,3459,5098,5630,5774,6914,3547,34178,0,0,0,0,0,0,0,0,0,0,0,0,0,0,0,0,0,0,1835,1921,3459,5098,5630,5774,6914,3547,34178,2020
192,State,KERALA,630,958,3517,5141,4216,5635,5690,2012,27799,9,16,16,6,8,9,11,14,89,4,14,20,12,13,18,18,11,110,643,988,3553,5159,4237,5662,5719,2037,27998,2020
193,State,MADHYA PRADESH,1994,1731,3672,5860,7190,7994,9008,4947,42396,8,18,17,23,16,24,21,17,144,102,106,109,125,117,79,82,100,820,2104,1855,3798,6008,7323,8097,9111,5064,43360,2020
194,State,MAHARASHTRA,1442,1299,2301,3058,3369,3712,4365,2665,22211,0,0,0,0,0,0,0,0,0,182,151,328,463,386,403,431,353,2697,1624,1450,2629,3521,3755,4115,4796,3018,24908,2020
195,State,MANIPUR,8,5,52,71,71,95,91,39,432,0,0,0,0,0,0,0,0,0,0,0,0,0,0,0,0,0,0,8,5,52,71,71,95,91,39,432,2020
196,State,MEGHALAYA,15,14,18,24,26,29,42,37,205,0,0,0,0,0,0,0,0,0,0,0,0,0,0,0,0,0,0,15,14,18,24,26,29,42,37,205,2020
197,State,MIZORAM,2,1,5,11,8,7,5,8,47,0,0,0,0,0,0,0,0,0,0,0,0,0,0,0,0,0,0,2,1,5,11,8,7,5,8,47,2020
198,State,NAGALAND,1,1,1,2,6,9,3,4,27,0,1,0,1,0,0,1,0,3,0,0,0,0,0,0,0,0,0,1,2,1,3,6,9,4,4,30,2020
199,State,ODISHA,480,646,947,1426,1646,1885,1849,938,9817,0,0,0,0,0,0,2,0,2,38,52,31,27,31,27,30,43,279,518,698,978,1453,1677,1912,1881,981,10098,2020
200,State,PUNJAB,348,494,620,737,638,742,986,608,5173,0,0,1,0,0,0,1,0,2,22,22,70,61,52,51,24,40,342,370,516,691,798,690,793,1011,648,5517,2020
201,State,RAJASTHAN,758,893,2106,2830,3043,3647,3742,2102,19121,0,0,0,0,0,0,0,0,0,49,35,57,61,35,61,67,64,429,807,928,2163,2891,3078,3708,3809,2166,19550,2020
202,State,SIKKIM,6,1,14,17,17,17,19,17,108,0,0,0,0,0,0,0,0,0,0,0,0,0,0,0,0,0,0,6,1,14,17,17,17,19,17,108,2020
203,State,TAMIL NADU,1906,2060,5186,6864,6853,7751,10751,4113,45484,0,0,0,0,0,0,0,0,0,47,59,234,205,105,102,119,88,959,1953,2119,5420,7069,6958,7853,10870,4201,46443,2020
204,State,TELANGANA,1299,1240,1912,2460,2797,3479,3988,1997,19172,0,0,0,0,0,0,0,0,0,17,18,87,78,38,42,31,22,333,1316,1258,1999,2538,2835,3521,4019,2019,19505,2020
205,State,TRIPURA,8,4,46,99,85,110,70,44,466,3,1,4,3,2,2,3,5,23,0,0,0,0,0,2,0,0,2,11,5,50,102,87,114,73,49,491,2020
206,State,UTTAR PRADESH,2472,2755,3208,3967,3619,4336,4894,3402,28653,46,42,48,46,55,49,42,52,380,209,253,239,190,138,145,201,185,1560,2727,3050,3495,4203,3812,4530,5137,3639,30593,2020
207,State,UTTARAKHAND,76,79,105,137,177,178,180,118,1050,0,0,0,0,0,0,1,2,3,0,0,1,0,0,0,2,2,5,76,79,106,137,177,178,183,122,1058,2020
208,State,WEST BENGAL,781,813,1199,1709,1714,1793,1740,1094,10843,0,1,9,34,10,22,7,0,83,62,132,275,348,152,222,255,59,1505,843,946,1483,2091,1876,2037,2002,1153,12431,2020
209,UT,A & N ISLANDS,1,3,10,14,28,29,41,15,141,0,0,0,0,0,0,0,0,0,0,0,0,0,0,0,0,0,0,1,3,10,14,28,29,41,15,141,2020
210,UT,CHANDIGARH,8,6,15,12,14,24,40,38,157,0,0,0,0,0,0,0,0,0,0,0,0,0,0,0,0,0,0,8,6,15,12,14,24,40,38,157,2020
211,UT,D & N HAVELI AND DAMAN & DIU,3,2,8,10,16,22,17,20,98,0,0,0,0,0,0,0,0,0,0,0,0,0,0,0,0,0,0,3,2,8,10,16,22,17,20,98,2020
212,UT,DELHI (UT),446,340,470,558,454,533,655,731,4187,0,0,0,0,0,1,0,1,2,84,53,81,59,64,62,62,61,526,530,393,551,617,518,596,717,793,4715,2020
213,UT,JAMMU & KASHMIR,99,154,601,908,1018,1024,778,279,4861,0,0,0,0,0,0,0,0,0,0,0,4,0,3,1,1,0,9,99,154,605,908,1021,1025,779,279,4870,2020
214,UT,LADAKH,0,2,17,33,33,25,19,10,139,0,0,0,0,0,0,0,0,0,0,0,0,0,0,0,0,0,0,0,2,17,33,33,25,19,10,139,2020
215,UT,LAKSHADWEEP,0,0,0,0,0,1,0,0,1,0,0,0,0,0,0,0,0,0,0,0,0,0,0,0,0,0,0,0,0,0,0,0,1,0,0,1,2020
216,UT,PUDUCHERRY,112,123,106,121,130,115,130,132,969,0,0,0,0,0,0,0,0,0,0,0,0,0,0,0,0,0,0,112,123,106,121,130,115,130,132,969,2020
217,State,ANDHRA PRADESH,780,1126,2337,3324,3416,4125,4522,1926,21556,0,0,0,0,0,0,0,0,0,28,46,189,196,90,100,51,55,755,808,1172,2526,3520,3506,4225,4573,1981,22311,2021
218,State,ARUNACHAL PRADESH,10,6,41,42,40,62,43,17,261,0,0,0,0,0,0,0,0,0,0,0,0,0,0,0,0,0,0,10,6,41,42,40,62,43,17,261,2021
219,State,ASSAM,377,551,820,1187,1034,1323,1014,763,7069,0,0,2,0,0,1,0,0,3,42,70,65,51,84,62,70,15,459,419,621,887,1238,1118,1386,1084,778,7531,2021
220,State,BIHAR,242,1357,1414,1526,1363,1508,1497,646,9553,14,16,20,29,26,16,26,16,163,142,165,194,158,117,147,117,107,1147,398,1538,1628,1713,1506,1671,1640,769,10863,2021
221,State,CHHATTISGARH,546,810,1047,1807,2224,2415,2480,1066,12395,0,0,0,0,0,0,0,0,0,46,46,81,49,50,57,48,35,412,592,856,1128,1856,2274,2472,2528,1101,12807,2021
222,State,GOA,237,164,263,402,453,463,521,347,2850,0,0,0,0,0,0,0,0,0,9,5,5,4,3,4,10,9,49,246,169,268,406,456,467,531,356,2899,2021
223,State,GUJARAT,798,663,1622,2372,2416,2598,3114,1617,15200,0,0,0,0,0,0,0,0,0,36,43,73,83,50,65,113,108,571,834,706,1695,2455,2466,2663,3227,1725,15771,2021
224,State,HARYANA,777,835,1166,1168,1239,1547,1955,1362,10049,0,17,19,30,27,24,22,21,160,80,74,119,120,100,96,109,108,806,857,926,1304,1318,1366,1667,2086,1491,11015,2021
225,State,HIMACHAL PRADESH,122,55,246,315,335,449,574,312,2408,0,0,0,0,0,0,0,0,0,0,0,0,0,0,0,0,0,0,122,55,246,315,335,449,574,312,2408,2021
226,State,JHARKHAND,307,512,639,730,679,783,686,392,4728,11,20,14,24,19,13,6,10,117,21,30,55,57,33,31,34,23,284,339,562,708,811,731,827,726,425,5129,2021
227,State,KARNATAKA,1909,1990,3674,5117,5560,5983,6684,3730,34647,0,0,0,0,0,0,0,0,0,0,0,0,0,0,0,0,0,0,1909,1990,3674,5117,5560,5983,6684,3730,34647,2021
228,State,KERALA,718,1167,3882,6099,5327,6308,6765,2493,32759,12,19,14,11,11,5,20,29,121,15,20,32,18,18,23,25,20,171,745,1206,3928,6128,5356,6336,6810,2542,33051,2021
229,State,MADHYA PRADESH,2316,2197,4131,7180,8211,8969,9798,5417,48219,17,28,30,18,27,27,22,27,196,159,127,150,135,105,120,149,133,1078,2492,2352,4311,7333,8343,9116,9969,5577,49493,2021
230,State,MAHARASHTRA,1579,1601,2563,3626,4150,4321,5304,3454,26598,0,0,0,0,0,0,0,0,0,255,191,469,531,498,506,552,486,3488,1834,1792,3032,4157,4648,4827,5856,3940,30086,2021
231,State,MANIPUR,14,21,52,45,60,75,69,30,366,0,0,0,0,0,0,0,0,0,0,0,0,0,0,0,0,0,0,14,21,52,45,60,75,69,30,366,2021
232,State,MEGHALAYA,12,18,25,24,30,58,38,39,244,0,0,0,0,0,0,0,0,0,0,0,0,0,0,0,0,0,0,12,18,25,24,30,58,38,39,244,2021
233,State,MIZORAM,4,2,9,12,12,12,10,3,64,0,0,0,0,0,0,0,0,0,0,0,0,0,0,0,0,0,0,4,2,9,12,12,12,10,3,64,2021
234,State,NAGALAND,1,0,5,3,4,5,3,4,25,0,3,3,0,0,1,1,1,9,0,0,0,0,0,0,0,0,0,1,3,8,3,4,6,4,5,34,2021
235,State,ODISHA,544,830,1189,1619,1776,1908,2102,1015,10983,0,0,0,0,0,0,0,0,0,45,60,35,26,30,54,27,29,306,589,890,1224,1645,1806,1962,2129,1044,11289,2021
236,State,PUNJAB,490,500,666,708,743,962,1135,893,6097,1,0,0,0,0,0,0,0,1,44,29,135,103,79,71,91,63,615,535,529,801,811,822,1033,1226,956,6713,2021
237,State,RAJASTHAN,894,1058,2345,2905,3317,4179,4269,1987,20954,0,0,0,0,0,0,0,0,0,54,73,101,90,85,81,116,69,669,948,1131,2446,2995,3402,4260,4385,2056,21623,2021
238,State,SIKKIM,7,8,11,9,17,22,28,20,122,0,0,0,0,0,0,0,0,0,0,0,0,0,0,0,0,0,0,7,8,11,9,17,22,28,20,122,2021
239,State,TAMIL NADU,1141,2244,6248,8357,8437,10383,14415,4457,55682,0,0,0,0,1,0,0,0,1,79,78,340,278,127,163,169,173,1407,1220,2322,6588,8635,8565,10546,14584,4630,57090,2021
240,State,TELANGANA,935,936,2120,3115,3452,4028,4587,2142,21315,0,0,0,0,0,0,0,0,0,22,17,71,104,62,41,45,46,408,957,953,2191,3219,3514,4069,4632,2188,21723,2021
241,State,TRIPURA,4,13,48,85,86,101,101,40,478,2,4,4,3,5,8,5,2,33,0,1,1,0,0,1,0,1,4,6,18,53,88,91,110,106,43,515,2021
242,State,UTTAR PRADESH,3484,3325,3954,4069,4313,5017,5592,3957,33711,70,82,52,66,49,59,77,120,575,285,379,288,230,197,238,347,259,2223,3839,3786,4294,4365,4559,5314,6016,4336,36509,2021
243,State,UTTARAKHAND,107,121,136,198,176,233,261,173,1405,0,0,0,0,0,0,0,0,0,0,5,2,0,4,2,4,8,25,107,126,138,198,180,235,265,181,1430,2021
244,State,WEST BENGAL,841,1014,1208,1740,1680,1893,1915,1210,11501,0,2,19,40,40,39,23,1,164,78,182,393,461,378,375,449,109,2425,919,1198,1620,2241,2098,2307,2387,1320,14090,2021
245,UT,ANDAMAN AND NICOBAR ISLANDS,3,3,6,11,20,31,25,18,117,0,0,0,0,0,0,0,0,0,0,0,0,0,0,0,0,0,0,3,3,6,11,20,31,25,18,117,2021
246,UT,CHANDIGARH,22,7,16,28,18,31,42,44,208,0,0,0,0,0,0,0,0,0,0,0,0,0,0,0,0,0,0,22,7,16,28,18,31,42,44,208,2021
247,UT,DADRA AND NAGAR HAVELI AND DAMAN AND DIU,4,3,14,9,22,25,37,26,140,0,0,0,0,0,0,0,0,0,0,0,0,0,0,0,0,0,0,4,3,14,9,22,25,37,26,140,2021
248,UT,DELHI,577,371,517,550,540,661,804,700,4720,0,0,0,0,0,0,0,0,0,57,54,115,94,84,98,81,93,676,634,425,632,644,624,759,885,793,5396,2021
249,UT,JAMMU AND KASHMIR,124,162,560,1050,1257,1026,860,363,5402,0,1,2,3,0,1,0,0,7,0,0,2,7,2,1,2,1,15,124,163,564,1060,1259,1028,862,364,5424,2021
250,UT,LADAKH,8,2,29,46,48,81,22,1,237,0,0,0,0,0,0,0,0,0,0,0,0,0,0,0,0,0,0,8,2,29,46,48,81,22,1,237,2021
251,UT,LAKSHADWEEP,0,0,0,2,0,1,0,1,4,0,0,0,0,0,0,0,0,0,0,0,0,0,0,0,0,0,0,0,0,0,2,0,1,0,1,4,2021
252,UT,PUDUCHERRY,119,127,114,129,132,125,138,165,1049,0,0,0,0,0,0,0,0,0,0,0,0,0,0,0,0,0,0,119,127,114,129,132,125,138,165,1049,2021
253,State,ANDHRA PRADESH,886,1045,2290,3139,3141,3813,4591,2165,21070,0,0,0,0,0,0,0,0,0,47,65,239,263,141,124,90,60,1029,933,1110,2529,3402,3282,3937,4681,2225,22099,2022
254,State,ARUNACHAL PRADESH,11,12,14,25,46,47,36,24,215,0,0,0,0,0,0,0,0,0,0,0,0,0,0,0,0,0,0,11,12,14,25,46,47,36,24,215,2022
255,State,ASSAM,409,452,903,1063,1143,1156,1133,769,7028,0,3,5,0,0,1,4,9,22,67,86,102,68,104,94,84,84,689,476,541,1010,1131,1247,1251,1221,862,7739,2022
256,State,BIHAR,485,1117,1602,1700,1405,1784,1865,843,10801,1,5,19,2,4,5,16,0,52,79,131,280,239,201,211,158,145,1444,565,1253,1901,1941,1610,2000,2039,988,12297,2022
257,State,CHHATTISGARH,442,493,1099,1875,2059,2500,3215,1408,13091,0,0,0,2,1,1,0,0,4,37,47,75,58,52,38,73,49,429,479,540,1174,1935,2112,2539,3288,1457,13524,2022
258,State,GOA,286,152,260,393,471,457,619,374,3012,0,0,0,0,0,0,0,0,0,3,5,9,7,6,8,10,6,54,289,157,269,400,477,465,629,380,3066,2022
259,State,GUJARAT,957,817,1727,2333,2477,2596,3167,1703,15777,0,0,0,2,2,2,0,0,6,69,71,107,103,73,90,133,120,766,1026,888,1834,2438,2552,2688,3300,1823,16549,2022
260,State,HARYANA,1048,801,1217,1330,1250,1554,2153,1301,10654,0,8,5,3,6,10,30,33,95,92,93,189,180,146,141,162,124,1127,1140,902,1411,1513,1402,1705,2345,1458,11876,2022
261,State,HIMACHAL PRADESH,156,169,211,299,364,426,548,311,2484,0,0,0,0,0,0,0,0,0,0,0,0,0,0,0,0,0,0,156,169,211,299,364,426,548,311,2484,2022
262,State,JHARKHAND,330,390,686,769,823,933,833,411,5175,0,1,1,1,1,2,1,0,7,24,46,68,59,52,53,36,24,362,354,437,755,829,876,988,870,435,5544,2022
263,State,KARNATAKA,2246,3119,4018,5628,5780,6233,7424,5317,39765,0,0,0,0,0,0,0,0,0,0,0,0,0,0,0,0,0,0,2246,3119,4018,5628,5780,6233,7424,5317,39765,2022
264,State,KERALA,1021,1426,5240,7790,6613,8543,9089,3870,43592,13,26,30,27,18,26,26,18,184,36,19,28,23,11,28,26,23,194,1070,1471,5298,7840,6642,8597,9141,3911,43970,2022
265,State,MADHYA PRADESH,2935,2234,4560,7508,8837,9568,9907,6416,51965,37,29,31,30,28,28,21,35,239,162,127,188,165,153,150,191,139,1275,3134,2390,4779,7703,9018,9746,10119,6590,53479,2022
266,State,MAHARASHTRA,2010,1876,2829,4100,4467,5218,6095,3951,30546,0,0,0,0,0,0,0,0,0,359,251,679,755,626,667,805,685,4827,2369,2127,3508,4855,5093,5885,6900,4636,35373,2022
267,State,MANIPUR,17,3,48,96,67,91,117,69,508,0,0,0,0,0,0,0,0,0,0,0,1,0,0,0,1,0,2,17,3,49,96,67,91,118,69,510,2022
268,State,MEGHALAYA,13,9,24,48,29,51,41,31,246,0,0,0,0,0,0,0,0,0,0,0,0,0,0,0,0,0,0,13,9,24,48,29,51,41,31,246,2022
269,State,MIZORAM,1,3,14,15,18,6,13,1,71,0,0,0,0,0,0,0,0,0,0,0,0,0,0,0,0,0,0,1,3,14,15,18,6,13,1,71,2022
270,State,NAGALAND,3,1,6,4,3,2,2,3,24,0,0,1,2,2,0,0,0,5,0,0,0,0,0,0,0,0,0,3,1,7,6,5,2,2,3,29,2022
271,State,ODISHA,629,741,1252,1753,1767,2112,2279,1130,11663,0,0,0,0,0,0,0,54,54,0,0,0,0,15,12,0,0,27,629,741,1252,1753,1782,2124,2279,1184,11744,2022
272,State,PUNJAB,383,450,721,737,850,949,1140,892,6122,0,0,0,0,0,0,0,0,0,83,51,224,176,107,117,123,97,978,466,501,945,913,957,1066,1263,989,7100,2022
273,State,RAJASTHAN,933,902,2534,3379,3811,4496,5147,2418,23620,0,0,0,0,0,0,0,0,0,87,92,123,125,100,136,158,121,942,1020,994,2657,3504,3911,4632,5305,2539,24562,2022
274,State,SIKKIM,18,9,17,28,29,37,40,21,199,0,0,0,0,0,0,0,0,0,0,0,0,0,0,0,0,0,0,18,9,17,28,29,37,40,21,199,2022
275,State,TAMIL NADU,1624,2737,7397,9202,9107,11506,16285,6247,64105,0,0,0,0,0,0,0,0,0,126,137,456,324,198,241,281,249,2012,1750,2874,7853,9526,9305,11747,16566,6496,66117,2022
276,State,TELANGANA,1094,952,2163,2988,3312,4051,4544,2515,21619,0,0,0,0,0,0,0,0,0,25,35,119,141,71,83,83,59,616,1119,987,2282,3129,3383,4134,4627,2574,22235,2022
277,State,TRIPURA,12,16,54,104,93,100,123,73,575,0,0,0,0,0,0,1,1,2,1,1,8,3,4,2,5,3,27,13,17,62,107,97,102,129,77,604,2022
278,State,UTTAR PRADESH,3941,3886,3937,4299,4580,5213,6154,4865,36875,114,131,164,191,191,211,194,144,1340,307,534,393,354,350,378,494,380,3190,4362,4551,4494,4844,5121,5802,6842,5389,41405,2022
279,State,UTTARAKHAND,122,141,207,244,235,248,243,234,1674,0,0,0,0,0,1,0,0,1,4,9,8,12,10,5,18,8,74,126,150,215,256,245,254,261,242,1749,2022
280,State,WEST BENGAL,838,910,1193,1523,1495,1556,1699,1421,10635,23,47,81,82,52,76,111,74,546,130,216,389,382,261,291,323,229,2221,991,1173,1663,1987,1808,1923,2133,1724,13402,2022
281,UT,ANDAMAN AND NICOBAR ISLANDS,6,6,12,15,27,32,20,23,141,0,0,0,0,0,0,0,0,0,0,0,0,0,0,0,0,0,0,6,6,12,15,27,32,20,23,141,2022
282,UT,CHANDIGARH,36,8,16,18,25,36,35,64,238,0,0,0,0,0,0,0,0,0,0,0,0,0,0,0,0,0,0,36,8,16,18,25,36,35,64,238,2022
283,UT,DADRA AND NICOBAR HAVELI AND DAMAN AND DIU,8,1,15,27,17,37,44,26,175,0,0,0,0,0,0,0,0,0,0,0,0,0,0,0,0,0,0,8,1,15,27,17,37,44,26,175,2022
284,UT,DELHI (UT),626,528,609,667,776,692,828,834,5560,0,0,0,0,0,0,0,0,0,68,83,124,91,94,101,133,102,796,694,611,733,758,870,793,961,936,6356,2022
285,UT,JAMMU AND KASHMIR,130,227,742,1167,1350,1204,951,319,6090,0,0,0,2,1,0,0,0,3,2,8,10,6,9,4,6,4,49,132,235,752,1175,1360,1208,957,323,6142,2022
286,UT,LADAKH,0,12,32,48,90,65,20,1,268,0,0,0,0,0,0,0,0,0,0,0,0,0,0,0,0,0,0,0,12,32,48,90,65,20,1,268,2022
287,UT,LAKSHADWEEP,0,0,0,2,0,0,2,0,4,0,0,0,0,0,0,0,0,0,0,0,0,0,0,0,0,0,0,0,0,0,2,0,0,2,0,4,2022
288,UT,PUDUCHERRY,32,35,144,157,199,202,261,151,1181,0,0,0,0,0,0,0,0,0,0,0,0,0,3,4,0,2,9,32,35,144,157,202,206,261,153,1190,2022
