S.No.,State/UT,Year,Total Accidental Deaths,Truck/Lorry/Mini Truck - Died,Bus - Died,SUV/Car/Jeep - Died,Tractor - Died,Three Wheeler/Auto Rickshaw - Died,Two Wheeler - Died,Other Motor Vehicles - Died,January,February,March,April,May,June,July,August,September,October,November,December,0000 hrs to 0300 hrs (Night),0300 hrs to 0600 hrs (Night),0600 hrs to 0900 hrs (Day),0900 hrs to 1200 hrs (Day),1200 hrs to 1500 hrs (Day),1500 hrs to 1800 hrs (Day),1800 hrs to 2100 hrs (Night),2100 hrs to 2400 hrs (Night),National Highways - Died,State Highways - Died,Expressways - Died,Other Roads - Died,Total - Died,Rural Area - School/College - Total,Rural Area - Residential - Total,Rural Area - Religious - Total,Rural Area - Recreation - Total,Rural Area - Factory - Total,Rural Area - Others - Total,Rural Area - Sub Total,Urban Area - School/College - Total,Urban Area - Residential - Total,Urban Area - Religious - Total,Urban Area - Recreation - Total,Urban Area - Factory - Total,Urban Area - Pedestrian Crossing - Total,Urban Area - Others - Total,Urban Area - Sub Total,Grand Total,Total Night Accidents,Total Day Accidents,Night %,Total Vehicle Deaths,Two Wheeler %,Peak Season,Climate Zone,Population (Lakhs),Deaths per Lakh
1,Andaman and Nicobar Islands,2015,96,6,3,3,1,1,9,0,27,23,23,17,25,26,18,15,26,15,23,20,1,3,25,45,39,48,67,30,4,5,0,14,23,0,9,0,1,0,1,11,0,8,1,2,0,0,1,12,23,101,157,39.1,23,39.1,Monsoon,Coastal/Humid,3.97,24.2
2,Andhra Pradesh,2015,15320,1389,593,1394,384,967,2526,1044,1868,1970,1917,2041,2067,1896,2086,1793,1758,1824,1736,1883,2160,2080,2492,2157,3143,3750,4133,2924,3062,2025,0,3210,8297,289,1406,254,72,239,3110,5370,112,348,91,112,96,556,1612,2927,8297,11297,11542,49.5,8297,30.4,Monsoon,Tropical Wet & Dry,495.63,30.9
3,Arunachal Pradesh,2015,319,45,2,61,7,0,28,34,26,28,26,15,12,14,23,24,24,22,40,30,7,9,23,50,58,52,53,32,52,82,0,43,177,2,27,10,0,1,88,128,6,1,2,3,0,2,35,49,177,101,183,35.6,177,15.8,Monsoon,Alpine/Cold,15.84,20.1
4,Assam,2015,3910,360,446,660,57,118,648,95,764,670,658,551,546,544,511,524,508,609,520,554,525,485,931,1421,1011,1289,868,429,1312,570,0,502,2384,225,481,172,10,70,17,975,166,682,196,81,222,40,22,1409,2384,2307,4652,33.2,2384,27.2,Monsoon,Heavy Rainfall,351.07,11.1
5,Bihar,2015,9470,1135,757,837,300,380,1095,996,713,753,806,817,1105,911,718,723,683,638,793,907,719,992,1512,1543,1315,1387,1322,777,2166,1906,111,1317,5500,291,615,250,27,55,1468,2706,257,537,198,118,118,201,1365,2794,5500,3810,5757,39.8,5500,19.9,Monsoon,Tropical Wet & Dry,1239.26,7.6
6,Chandigarh,2015,199,21,10,43,2,6,35,12,39,37,44,30,26,34,29,24,40,28,41,41,22,13,22,52,62,55,97,90,19,0,0,110,129,0,0,0,0,0,2,2,4,4,7,2,3,0,107,127,129,222,191,53.8,129,27.1,Monsoon,Hot & Dry,11.58,17.2
7,Chhattisgarh,2015,14333,932,168,523,260,47,1456,696,1368,1245,1262,1323,1251,1201,1112,1158,1085,1154,1172,1115,784,974,1757,2608,2064,2520,2400,1339,1230,1132,0,1720,4082,98,477,157,25,59,1554,2370,105,264,134,94,94,47,974,1712,4082,5497,8949,38.1,4082,35.7,Monsoon,Tropical Wet & Dry,292.36,49.0
8,Dadra and Nagar Haveli and Daman and Diu,2015,227,16,1,4,0,8,35,20,7,8,13,11,14,16,11,9,10,11,15,14,8,3,16,10,24,29,34,15,5,0,0,79,84,2,20,0,2,14,24,62,1,15,0,2,0,0,4,22,84,60,79,43.2,84,41.7,Monsoon,Coastal/Humid,6.86,33.1
9,Delhi,2015,5763,299,117,427,8,47,362,362,656,586,713,646,620,621,710,684,670,759,693,727,767,712,870,920,982,1143,1338,1353,251,34,8,1329,1622,10,60,26,0,2,187,285,29,196,30,3,30,108,941,1337,1622,4170,3915,51.6,1622,22.3,Monsoon,Hot & Dry,190.14,30.3
10,Goa,2015,746,25,3,53,0,1,182,50,399,353,349,344,391,335,314,328,354,382,399,390,247,133,357,661,740,796,875,529,123,40,0,151,314,14,35,14,2,13,141,219,2,12,2,3,3,5,68,95,314,1784,2554,41.1,314,58.0,Monsoon,Heavy Rainfall,15.86,47.0
11,Gujarat,2015,22127,1617,385,2115,197,648,2337,946,1983,1907,2020,1922,2154,1880,1656,1733,1827,2009,2111,2160,1397,1454,2579,3761,3659,3807,4079,2626,2047,2683,81,3434,8245,217,1990,269,115,507,3169,6267,160,730,105,70,287,118,508,1978,8245,9556,13806,40.9,8245,28.3,Monsoon,Hot & Dry,709.04,31.2
12,Haryana,2015,10408,1078,317,1249,175,212,872,1142,846,843,972,943,928,956,889,939,882,999,1068,1022,933,923,1360,1702,1465,1684,1911,1309,1859,1577,136,1473,5045,172,884,128,48,135,2028,3395,82,257,81,78,156,319,677,1650,5045,5076,6211,45.0,5045,17.3,Monsoon,Hot & Dry,283.57,36.7
13,Himachal Pradesh,2015,2449,175,124,514,41,5,178,59,208,182,218,219,273,296,281,241,280,299,274,239,105,91,279,440,610,665,495,325,369,273,0,454,1096,51,202,17,3,26,576,875,39,43,9,2,5,6,117,221,1096,1016,1994,33.8,1096,16.2,Monsoon,Alpine/Cold,73.31,33.4
14,Jammu and Kashmir,2015,1284,151,119,236,32,19,121,245,410,391,407,441,533,490,561,524,514,555,522,499,136,318,473,800,1412,1292,977,439,374,76,0,473,923,14,192,21,0,16,436,679,8,39,4,7,7,7,172,244,923,1870,3977,32.0,923,13.1,Monsoon,Alpine/Cold,133.06,9.6
15,Jharkhand,2015,4819,513,304,492,80,256,1158,90,444,406,458,436,533,511,383,372,391,395,396,437,228,505,702,1075,690,909,688,365,1224,783,101,785,2893,263,844,141,48,177,57,1530,224,505,89,116,91,292,46,1363,2893,1786,3376,34.6,2893,40.0,Monsoon,Tropical Wet & Dry,382.93,12.6
16,Karnataka,2015,20065,1345,856,2014,354,576,3836,1876,3970,3594,3705,3657,4077,3619,3378,3334,3481,3731,3624,3841,2976,3132,4577,6695,6724,7652,7712,4543,3794,3027,21,4015,10857,298,604,309,101,300,4997,6609,285,570,195,174,272,468,2284,4248,10857,18363,25648,41.7,10857,35.3,Monsoon,Tropical Wet & Dry,673.62,29.8
17,Kerala,2015,8635,399,434,677,5,233,1565,883,3613,3270,3229,3114,3329,3124,3153,3226,3229,3257,3084,3386,901,1410,4945,7101,5786,8537,7419,2915,1387,939,0,1870,4196,168,542,91,48,86,1249,2184,87,514,74,70,81,113,1073,2012,4196,12645,26369,32.4,4196,37.3,Monsoon,Heavy Rainfall,354.99,24.3
18,Lakshadweep,2015,4,0,0,0,0,0,0,0,1,1,0,0,0,0,1,0,0,0,0,0,0,0,0,0,1,1,0,1,0,0,0,0,0,0,0,0,0,0,0,0,0,0,0,0,0,0,0,0,0,1,2,33.3,0,0.0,Winter,Coastal/Humid,0.73,5.5
19,Madhya Pradesh,2015,30513,1606,733,2212,698,224,3125,1160,3401,3020,3541,3952,4033,3573,2991,3041,2978,3494,3444,3391,2047,2569,4288,7260,7166,7599,6409,3521,2750,2923,117,3968,9758,358,2610,164,76,123,2211,5542,309,1732,184,104,208,349,1330,4216,9758,14546,26313,35.6,9758,32.0,Monsoon,Tropical Wet & Dry,853.58,35.7
20,Maharashtra,2015,51435,2252,540,2200,338,592,5632,2131,3571,3445,3657,3700,3992,3435,3283,3255,3267,3439,3423,3783,3079,2868,4576,6005,6171,6944,7355,5252,3577,4053,198,5857,13685,234,1412,321,24,292,6749,9032,264,1160,186,128,239,396,2280,4653,13685,18554,23696,43.9,13685,41.2,Monsoon,Tropical Wet & Dry,1242.21,41.4
21,Manipur,2015,240,37,6,34,1,3,25,23,43,57,66,62,64,55,42,38,47,58,63,73,14,7,38,122,133,158,150,46,89,25,0,15,129,13,67,0,0,7,11,98,2,13,2,0,1,11,2,31,129,217,451,32.5,129,19.4,Summer,Heavy Rainfall,32.37,7.4
22,Meghalaya,2015,369,77,14,47,1,6,36,24,47,32,27,31,38,25,42,37,35,38,33,36,34,30,29,57,51,73,69,78,139,30,0,36,205,10,56,2,0,10,72,150,1,17,0,0,9,0,28,55,205,211,210,50.1,205,17.6,Monsoon,Heavy Rainfall,32.11,11.5
23,Mizoram,2015,153,24,0,12,1,0,17,11,10,9,6,7,5,7,5,3,5,1,7,6,5,5,8,2,8,13,22,8,23,36,0,6,65,1,15,0,0,0,14,30,0,19,0,0,0,0,16,35,65,40,31,56.3,65,26.2,Winter,Heavy Rainfall,12.39,12.3
24,Nagaland,2015,84,6,1,28,0,4,8,0,3,1,3,4,2,4,5,4,3,6,2,5,5,5,3,6,6,7,8,2,22,10,0,15,47,0,1,0,0,0,35,36,0,0,0,0,0,2,9,11,47,20,22,47.6,47,17.0,Monsoon,Heavy Rainfall,21.89,3.8
25,Odisha,2015,9887,718,366,672,177,216,1357,797,976,891,1000,904,929,940,772,726,750,784,864,1006,684,986,1289,1500,1493,1848,1637,1105,1635,1610,47,1011,4303,144,345,88,75,140,1513,2305,99,211,43,60,117,96,1372,1998,4303,4412,6130,41.9,4303,31.5,Monsoon,Tropical Wet & Dry,463.56,21.3
26,Puducherry,2015,789,16,18,36,4,4,50,107,128,115,125,130,133,129,135,131,134,123,123,124,101,112,206,203,201,190,316,201,149,19,0,67,235,15,25,26,20,25,0,111,5,90,5,14,3,3,4,124,235,730,800,47.7,235,21.3,Monsoon,Coastal/Humid,16.73,47.2
27,Punjab,2015,8471,730,478,1396,205,160,1393,531,482,504,540,544,562,546,549,524,520,675,644,612,379,475,820,842,896,1010,1446,834,1561,1430,0,1902,4893,289,911,220,117,236,1303,3076,208,468,79,74,191,126,671,1817,4893,3134,3568,46.8,4893,28.5,Monsoon,Hot & Dry,303.57,27.9
28,Rajasthan,2015,23134,2090,711,2558,652,154,2427,1918,1878,2023,2018,2125,2347,2117,1889,1803,1981,2020,2046,1825,1034,1178,2597,3886,3976,4480,4526,2395,3589,1909,360,4652,10510,185,1006,67,47,177,5882,7364,227,670,110,98,218,47,1776,3146,10510,9133,14939,37.9,10510,23.1,Monsoon,Hot & Dry,815.03,28.4
29,Sikkim,2015,183,28,0,36,0,0,4,7,25,21,22,18,19,21,17,16,16,12,9,15,6,7,20,29,26,43,43,37,12,26,0,37,75,2,8,0,0,0,44,54,2,8,1,0,0,0,10,21,75,93,118,44.1,75,5.3,Monsoon,Alpine/Cold,6.91,26.5
30,Tamil Nadu,2015,28624,2633,2071,3304,214,359,4887,2174,6056,5723,5848,5546,5944,5818,5519,5912,5956,5977,5406,5354,8267,10123,10629,11826,14121,7215,2744,4134,5479,5689,219,4255,15642,619,1179,470,176,448,6484,9376,322,679,209,251,340,1061,3404,6266,15642,25268,43791,36.6,15642,31.2,Monsoon,Tropical Wet & Dry,772.34,37.1
31,Telangana,2015,13225,1195,359,1114,328,587,2526,1001,1781,1704,1781,1840,2126,1754,1835,1616,1498,1752,1727,1838,1208,1487,2145,2919,3054,3741,4033,2665,2086,1641,0,3383,7110,349,639,155,384,223,1181,2931,275,827,317,331,412,1518,499,4179,7110,9393,11859,44.2,7110,35.5,Monsoon,Tropical Wet & Dry,384.67,34.4
32,Tripura,2015,399,31,6,32,0,7,33,49,47,42,57,44,51,51,53,53,64,62,59,64,9,10,54,123,142,138,116,55,50,64,0,44,158,5,31,2,0,3,44,85,3,19,3,0,4,10,34,73,158,190,457,29.4,158,20.9,Monsoon,Heavy Rainfall,40.99,9.7
33,Uttar Pradesh,2015,32636,5720,1767,3943,792,854,3915,1416,2646,2521,2438,2372,2508,2317,2047,2146,2064,2128,2286,2622,2285,3211,3997,3836,3717,3999,4253,2797,6624,4488,301,6994,18407,763,4818,292,139,341,5224,11577,449,2094,221,179,484,237,3166,6830,18407,12546,15549,44.7,18407,21.3,Monsoon,Tropical Wet & Dry,2352.88,13.9
34,Uttarakhand,2015,2134,231,105,217,77,13,127,143,116,129,119,109,139,123,103,114,123,160,144,144,69,82,196,278,223,321,221,133,464,221,0,228,913,21,43,34,29,23,316,466,16,135,28,22,26,20,200,447,913,505,1018,33.2,913,13.9,Monsoon,Alpine/Cold,115.18,18.5
35,West Bengal,2015,13601,2010,594,1225,92,208,1535,1041,1538,1361,1490,1415,1599,1593,1429,1336,1461,1545,1479,1460,985,1379,2000,3413,2748,2746,2525,1910,2124,1893,149,2539,6705,156,806,35,57,179,2931,4164,195,711,69,131,89,415,931,2541,6705,6799,10907,38.4,6705,22.9,Monsoon,Heavy Rainfall,1004.07,13.5
36,Andaman and Nicobar Islands,2016,241,2,2,0,0,2,11,0,19,15,23,24,25,13,19,26,19,15,21,19,8,9,29,34,49,52,40,17,5,2,0,10,17,0,1,1,0,0,7,9,1,2,1,0,0,0,4,8,17,74,164,31.1,17,64.7,Monsoon,Coastal/Humid,3.97,60.7
37,Andhra Pradesh,2016,17382,1246,493,1326,479,905,2442,1650,2033,1940,2106,2182,2011,1843,1843,2064,1813,1929,1892,2002,1375,1639,2583,3310,3434,4128,4571,2618,2931,2213,2,3395,8541,313,1130,309,163,204,3768,5887,239,465,136,193,116,349,1156,2654,8541,10203,13455,43.1,8541,28.6,Monsoon,Tropical Wet & Dry,495.63,35.1
38,Arunachal Pradesh,2016,409,57,5,30,4,2,40,4,32,29,22,15,13,22,23,8,12,21,14,16,8,9,28,35,45,53,32,17,58,39,0,45,142,8,28,0,0,0,62,98,5,14,6,1,0,0,18,44,142,66,161,29.1,142,28.2,Winter,Alpine/Cold,15.84,25.8
39,Assam,2016,4971,286,238,656,17,128,887,389,716,684,669,606,616,548,523,548,554,645,577,584,485,586,1004,1252,1093,1188,979,683,1527,715,2,357,2601,136,501,153,142,69,223,1224,162,405,117,116,75,61,441,1377,2601,2733,4537,37.6,2601,34.1,Monsoon,Heavy Rainfall,351.07,14.2
40,Bihar,2016,9514,951,682,857,243,429,1349,356,682,705,815,774,699,722,660,577,578,620,730,660,435,963,1362,1518,1225,1134,1005,580,2046,1742,0,1079,4867,476,1167,192,86,25,404,2350,470,988,197,150,126,257,329,2517,4867,2983,5239,36.3,4867,27.7,Monsoon,Tropical Wet & Dry,1239.26,7.7
41,Chandigarh,2016,422,26,16,69,1,6,24,9,47,35,34,36,35,29,32,34,32,43,36,33,30,15,37,58,69,63,69,85,21,0,0,130,151,0,1,1,0,0,3,5,3,9,5,2,3,27,97,146,151,199,227,46.7,151,15.9,Monsoon,Hot & Dry,11.58,36.4
42,Chhattisgarh,2016,17809,838,189,571,249,45,1291,726,1397,1252,1183,1178,1258,1116,1040,944,988,1085,1069,1071,627,555,1541,2215,2154,2480,2754,1255,1246,1019,0,1644,3909,79,542,33,11,24,1561,2250,77,426,36,50,107,85,878,1659,3909,5191,8390,38.2,3909,33.0,Monsoon,Tropical Wet & Dry,292.36,60.9
43,Dadra and Nagar Haveli and Daman and Diu,2016,290,9,0,9,3,4,38,10,7,6,7,12,5,10,17,5,11,8,11,14,3,1,11,13,18,20,29,18,0,0,0,73,73,1,11,1,13,7,22,55,0,0,0,1,0,6,11,18,73,51,62,45.1,73,52.1,Monsoon,Coastal/Humid,6.86,42.3
44,Delhi,2016,6573,278,108,392,14,47,363,389,608,641,705,574,604,601,623,632,586,671,549,581,769,738,799,881,970,962,1123,1133,255,153,0,1183,1591,16,30,6,3,13,203,271,88,145,58,12,22,112,883,1320,1591,3763,3612,51.0,1591,22.8,Monsoon,Hot & Dry,190.14,34.6
45,Goa,2016,768,13,6,40,0,2,211,67,409,356,350,332,412,311,321,303,323,387,356,444,235,153,379,685,692,817,861,482,151,49,0,139,339,8,106,12,3,15,116,260,4,32,4,1,4,0,34,79,339,1731,2573,40.2,339,62.2,Monsoon,Heavy Rainfall,15.86,48.4
46,Gujarat,2016,27283,1565,509,1988,200,657,2390,843,1915,1848,1840,1953,2074,1810,1612,1552,1580,1778,1774,1822,1578,1473,2448,3457,3263,3370,3745,2224,1910,2796,106,3340,8152,277,1317,216,161,412,3219,5602,275,570,227,118,348,259,753,2550,8152,9020,12538,41.8,8152,29.3,Monsoon,Hot & Dry,709.04,38.5
47,Haryana,2016,14387,775,284,1191,264,168,1085,1403,827,921,982,954,905,917,901,916,960,1001,1043,998,888,1058,1341,1490,1616,1783,1887,1262,1845,1274,62,1989,5170,235,715,123,87,241,1841,3242,137,285,73,66,229,284,854,1928,5170,5095,6230,45.0,5170,21.0,Monsoon,Hot & Dry,283.57,50.7
48,Himachal Pradesh,2016,3278,143,155,473,31,7,257,100,223,215,239,286,270,292,278,293,243,314,261,239,115,91,384,546,491,600,604,322,411,206,0,549,1166,17,104,18,0,16,551,706,13,110,6,5,35,8,283,460,1166,1132,2021,35.9,1166,22.0,Monsoon,Alpine/Cold,73.31,44.7
49,Jammu and Kashmir,2016,1485,159,154,269,21,12,156,187,420,442,461,442,560,560,441,397,392,486,444,432,195,410,523,927,1150,1122,733,417,412,133,0,413,958,14,162,9,1,9,458,653,8,36,5,7,10,15,224,305,958,1755,3722,32.0,958,16.3,Monsoon,Alpine/Cold,133.06,11.2
50,Jharkhand,2016,5758,4,391,953,0,142,1057,480,414,428,425,419,403,419,451,395,347,392,392,447,644,558,747,692,558,609,566,558,1174,1140,100,613,3027,202,288,135,76,87,351,1139,340,487,248,377,119,102,215,1888,3027,2326,2606,47.2,3027,34.9,Monsoon,Tropical Wet & Dry,382.93,15.0
51,Karnataka,2016,26133,1330,722,1928,391,722,4543,1650,3846,3676,3923,3960,4247,3517,3365,3542,3396,3647,3617,3700,2672,3117,4888,7162,7022,7420,7316,4839,4459,2965,0,3862,11286,212,1013,273,23,167,4675,6363,227,1356,345,168,264,345,2218,4923,11286,17944,26492,40.4,11286,40.3,Monsoon,Tropical Wet & Dry,673.62,38.8
52,Kerala,2016,11980,323,405,694,4,267,1682,912,3687,3379,3312,3211,3399,3151,3182,3221,3268,3218,3130,3262,960,1695,4928,7368,6047,8096,7177,3149,1340,980,0,1967,4287,192,754,195,64,37,1190,2432,123,618,131,90,77,171,645,1855,4287,12981,26439,32.9,4287,39.2,Monsoon,Heavy Rainfall,354.99,33.7
53,Lakshadweep,2016,12,0,0,0,0,0,1,0,1,0,0,0,0,0,0,0,0,0,0,0,0,0,0,0,0,0,0,1,0,0,0,1,1,0,0,1,0,0,0,1,0,0,0,0,0,0,0,0,1,1,0,100.0,1,100.0,Winter,Coastal/Humid,0.73,16.4
54,Madhya Pradesh,2016,41107,1602,645,2329,645,337,3249,1054,5021,4633,4759,4731,4828,4260,3848,3463,3778,4439,4221,3963,2281,2778,5403,8700,8893,9353,9148,5388,2674,3043,114,4030,9861,402,2155,354,136,237,2471,5755,323,1302,366,113,171,141,1690,4106,9861,19595,32349,37.7,9861,32.9,Monsoon,Tropical Wet & Dry,853.58,48.2
55,Maharashtra,2016,68620,1960,495,2549,277,698,5595,2108,3343,3189,3441,3325,3677,3201,2779,2784,2834,3052,2930,3331,2950,3005,4045,5382,5389,6216,6412,4487,3803,3761,155,5963,13682,254,1302,203,51,218,6076,8104,245,1757,328,113,315,444,2376,5578,13682,16854,21032,44.5,13682,40.9,Monsoon,Tropical Wet & Dry,1242.21,55.2
56,Manipur,2016,286,37,6,34,1,3,25,23,43,57,66,62,64,55,42,38,47,58,63,73,14,7,38,122,133,158,150,46,89,25,0,15,129,13,67,0,0,7,11,98,2,13,2,0,1,11,2,31,129,217,451,32.5,129,19.4,Summer,Heavy Rainfall,32.37,8.8
57,Meghalaya,2016,403,57,54,45,0,16,23,9,28,32,24,24,21,16,19,30,25,21,20,22,11,12,35,34,36,60,52,42,126,30,9,39,204,12,110,7,2,5,14,150,11,31,2,3,0,1,6,54,204,117,165,41.5,204,11.3,Monsoon,Heavy Rainfall,32.11,12.6
58,Mizoram,2016,192,19,0,29,0,1,10,1,8,8,4,7,3,3,2,7,4,5,5,8,3,8,4,5,6,21,11,6,38,16,0,6,60,0,21,0,0,1,24,46,0,5,0,0,1,0,8,14,60,28,36,43.8,60,16.7,Winter,Heavy Rainfall,12.39,15.5
59,Nagaland,2016,79,17,1,11,0,7,9,2,5,3,10,8,4,5,4,0,5,2,3,4,4,3,4,2,7,9,15,9,39,3,0,5,47,5,15,0,1,0,2,23,3,17,0,1,0,0,3,24,47,31,22,58.5,47,19.1,Summer,Heavy Rainfall,21.89,3.6
60,Odisha,2016,11821,870,384,761,139,344,1389,576,1016,900,952,903,936,903,732,780,756,778,870,1006,620,705,1175,1627,1642,1851,1810,1102,1858,1439,6,1160,4463,177,416,85,97,63,1886,2724,168,190,63,22,44,117,1135,1739,4463,4237,6295,40.2,4463,31.1,Monsoon,Tropical Wet & Dry,463.56,25.5
61,Puducherry,2016,838,13,19,15,0,0,165,29,174,123,160,151,145,157,151,149,134,161,124,134,180,142,191,185,189,300,360,216,131,14,0,96,241,8,27,4,0,10,81,130,14,10,10,4,2,10,61,111,241,898,865,50.9,241,68.5,Monsoon,Coastal/Humid,16.73,50.1
62,Punjab,2016,10708,745,382,1365,181,182,1538,684,547,555,583,587,609,590,515,541,487,663,709,566,343,458,915,1000,987,1091,1436,722,1542,1487,0,2048,5077,287,1130,201,150,187,1121,3076,225,645,147,109,225,171,479,2001,5077,2959,3993,42.6,5077,30.3,Monsoon,Hot & Dry,303.57,35.3
63,Rajasthan,2016,28216,1921,673,2858,632,189,2647,1545,2093,1912,2065,2088,2172,1921,1971,1691,1818,1881,1846,1608,936,957,2447,3680,3981,4396,4322,2347,3706,2100,32,4627,10465,219,1241,98,45,173,5823,7599,160,619,92,43,68,35,1849,2866,10465,8562,14504,37.1,10465,25.3,Monsoon,Hot & Dry,815.03,34.6
64,Sikkim,2016,285,22,0,85,0,0,4,1,22,16,18,17,25,17,14,16,18,26,16,18,11,14,21,30,32,40,35,40,30,49,0,33,112,8,22,6,2,21,25,84,2,7,0,1,0,0,18,28,112,100,123,44.8,112,3.6,Monsoon,Alpine/Cold,6.91,41.2
65,Tamil Nadu,2016,32942,2076,2140,3643,233,366,5666,3094,6184,6160,6227,5993,6012,5953,5797,6295,6055,5977,5282,5496,2883,4175,8592,10448,10391,12501,15072,7369,6495,6013,0,4710,17218,736,1437,368,540,987,7898,11966,471,739,481,562,436,483,2080,5252,17218,29499,41932,41.3,17218,32.9,Monsoon,Tropical Wet & Dry,772.34,42.7
66,Telangana,2016,13288,1072,381,1301,601,831,2406,627,1777,1780,2035,2091,1958,1787,1721,1960,1676,1807,1988,2231,1607,1931,2276,2975,3239,3956,4139,2688,2282,1520,0,3417,7219,244,718,208,428,117,1819,3534,439,758,318,741,466,111,852,3685,7219,10365,12446,45.4,7219,33.3,Monsoon,Tropical Wet & Dry,384.67,34.5
67,Tripura,2016,738,18,9,50,1,16,44,35,65,47,59,50,53,32,46,34,36,50,45,40,4,9,66,124,101,93,103,57,68,56,0,49,173,6,40,5,3,3,55,112,5,17,5,2,20,8,4,61,173,173,384,31.1,173,25.4,Summer,Heavy Rainfall,40.99,18.0
68,Uttar Pradesh,2016,32761,5981,2096,4470,833,951,4060,615,2795,2546,2728,2579,2597,2526,2376,2382,2204,2492,2618,2765,2628,3139,4064,4040,3752,4536,5160,3289,6374,5411,423,6798,19006,1865,5146,770,226,569,4009,12585,740,2530,337,182,431,155,2046,6421,19006,14216,16392,46.4,19006,21.4,Monsoon,Tropical Wet & Dry,2352.88,13.9
69,Uttarakhand,2016,1584,146,66,315,49,51,235,54,118,123,140,156,136,139,130,103,115,137,113,135,65,219,352,216,196,237,136,124,390,298,0,228,916,42,106,19,14,6,163,350,52,106,63,27,52,22,244,566,916,544,1001,35.2,916,25.7,Monsoon,Alpine/Cold,115.18,13.8
70,West Bengal,2016,16974,1953,892,975,207,230,1478,915,1407,1404,1442,1334,1446,1535,1421,1351,1348,1400,1352,1509,1125,1419,2133,2016,2666,2856,2815,1919,2667,2096,98,1789,6650,152,1592,59,100,199,2113,4215,164,1110,95,200,120,201,545,2435,6650,7278,9671,42.9,6650,22.2,Monsoon,Heavy Rainfall,1004.07,16.9
71,Andaman and Nicobar Islands,2017,187,6,0,7,1,0,7,0,22,21,12,17,10,16,9,17,15,17,20,13,3,7,20,27,33,41,39,19,7,9,0,5,21,0,9,0,0,0,2,11,2,3,1,0,0,0,4,10,21,68,121,36.0,21,33.3,Monsoon,Coastal/Humid,3.97,47.1
72,Andhra Pradesh,2017,17238,1340,573,1094,487,819,2689,1058,1967,1728,1968,1879,2042,1903,1733,1771,1799,1865,1936,1865,1320,1636,2695,3225,3599,3817,3883,2281,3027,1871,0,3162,8060,704,1795,154,188,135,3038,6014,144,703,84,102,156,180,677,2046,8060,9120,13336,40.6,8060,33.4,Monsoon,Tropical Wet & Dry,495.63,34.8
73,Arunachal Pradesh,2017,233,9,2,29,1,1,21,9,15,5,6,8,10,13,8,13,10,14,12,13,1,3,7,22,23,31,34,6,22,27,0,23,72,4,16,1,0,0,31,52,0,8,1,0,0,1,10,20,72,44,83,34.6,72,29.2,Monsoon,Alpine/Cold,15.84,14.7
74,Assam,2017,4790,468,204,579,22,135,903,286,625,675,621,507,539,509,470,524,515,598,614,608,441,537,864,1226,1030,1131,919,657,1337,467,1,792,2597,119,414,105,25,28,746,1437,161,328,145,118,125,14,269,1160,2597,2554,4251,37.5,2597,34.8,Monsoon,Heavy Rainfall,351.07,13.6
75,Bihar,2017,11797,906,527,1253,223,373,1817,455,737,758,758,791,969,859,641,597,602,653,789,701,430,841,1545,1776,1283,1398,1103,479,2338,1798,0,1418,5554,679,1691,122,59,25,424,3000,347,1430,70,155,134,73,345,2554,5554,2853,6002,32.2,5554,32.7,Monsoon,Tropical Wet & Dry,1239.26,9.5
76,Chandigarh,2017,300,5,6,33,0,15,43,10,34,23,33,36,21,24,34,22,23,32,34,20,23,11,56,77,37,59,42,31,1,0,0,111,112,0,0,0,0,0,0,0,6,6,3,2,9,3,83,112,112,107,229,31.8,112,38.4,Monsoon,Hot & Dry,11.58,25.9
77,Chhattisgarh,2017,18098,729,210,606,259,52,1523,757,1289,1109,1151,1037,1137,1193,1022,1095,1104,1076,1164,1186,644,1138,1701,2047,2233,2402,2385,1013,1178,1011,0,1947,4136,97,696,54,21,42,1658,2568,73,517,56,87,79,51,705,1568,4136,5180,8383,38.2,4136,36.8,Monsoon,Tropical Wet & Dry,292.36,61.9
78,Dadra and Nagar Haveli and Daman and Diu,2017,306,7,3,9,0,7,37,16,17,12,16,10,19,8,16,8,8,9,9,14,7,1,8,12,26,35,33,24,5,0,0,74,79,2,11,1,6,19,30,69,0,3,0,1,1,1,4,10,79,65,81,44.5,79,46.8,Summer,Coastal/Humid,6.86,44.6
79,Delhi,2017,4911,275,96,466,10,92,426,273,595,544,559,537,568,510,545,546,561,616,548,543,747,701,724,730,802,871,1037,1060,323,145,0,1170,1638,12,38,6,2,17,196,271,100,371,24,24,40,54,754,1367,1638,3545,3127,53.1,1638,26.0,Monsoon,Hot & Dry,190.14,25.8
80,Goa,2017,843,25,5,32,0,1,220,51,373,332,355,296,316,276,293,294,291,340,344,410,284,227,337,561,617,753,685,456,118,33,0,183,334,7,127,21,8,13,91,267,8,25,2,0,5,1,26,67,334,1652,2268,42.1,334,65.9,Monsoon,Heavy Rainfall,15.86,53.2
81,Gujarat,2017,24541,1292,225,1814,136,549,2680,967,1593,1629,1672,1606,1806,1581,1237,1408,1424,1625,1515,1535,1172,1190,2152,2863,2732,3144,3364,2014,2080,2248,156,3179,7663,396,1816,255,154,497,2384,5502,188,958,109,90,225,49,542,2161,7663,7740,10891,41.5,7663,35.0,Monsoon,Hot & Dry,709.04,34.6
82,Haryana,2017,15218,872,242,1294,174,173,1316,1398,912,891,1003,970,1027,936,934,875,924,1043,1081,1086,911,1177,1433,1459,1545,1678,2038,1441,1778,1457,25,2209,5469,182,1061,110,71,331,1819,3574,102,362,56,52,307,296,720,1895,5469,5567,6115,47.7,5469,24.1,Monsoon,Hot & Dry,283.57,53.7
83,Himachal Pradesh,2017,3249,151,132,567,33,36,229,32,213,217,250,245,287,247,277,289,277,268,276,265,176,164,387,477,413,532,577,385,526,103,0,551,1180,194,398,51,19,59,96,817,43,190,25,10,35,20,40,363,1180,1302,1809,41.9,1180,19.4,Monsoon,Alpine/Cold,73.31,44.3
84,Jammu and Kashmir,2017,1354,129,86,319,18,5,191,128,334,362,436,395,461,480,522,467,541,501,502,442,166,286,533,915,1226,1246,786,285,398,118,0,360,876,30,270,15,2,10,253,580,18,44,4,5,15,12,198,296,876,1523,3920,28.0,876,21.8,Monsoon,Alpine/Cold,133.06,10.2
85,Jharkhand,2017,6113,307,203,627,52,185,1792,90,472,435,461,401,470,452,380,364,361,413,485,504,335,373,696,888,816,785,875,430,1183,1076,73,924,3256,345,491,273,372,183,17,1681,299,460,192,269,297,32,26,1575,3256,2013,3185,38.7,3256,55.0,Monsoon,Tropical Wet & Dry,382.93,16.0
86,Karnataka,2017,23618,1486,753,2182,344,567,4895,382,3787,3411,3574,3601,3997,3519,3179,3308,3247,3558,3501,3860,2450,2650,4948,6543,6786,7534,7137,4494,3829,3079,0,3701,10609,303,772,129,241,129,5580,7154,214,568,128,135,220,150,2040,3455,10609,16731,25811,39.3,10609,46.1,Monsoon,Tropical Wet & Dry,673.62,35.1
87,Kerala,2017,11808,241,281,526,3,212,1815,1053,3430,3157,3167,3175,3480,2918,3028,3143,3169,3125,3308,3370,897,1730,6165,6871,6211,8056,6751,1789,1336,878,0,1917,4131,291,1030,199,103,60,1057,2740,168,715,98,52,53,84,221,1391,4131,11167,27303,29.0,4131,43.9,Monsoon,Heavy Rainfall,354.99,33.3
88,Lakshadweep,2017,6,0,0,0,0,0,0,0,0,0,0,0,0,2,0,0,0,0,0,0,0,0,0,0,0,1,1,0,0,0,0,0,0,0,0,0,0,0,0,0,0,0,0,0,0,0,0,0,0,1,1,50.0,0,0.0,Monsoon,Coastal/Humid,0.73,8.2
89,Madhya Pradesh,2017,40611,1408,583,2096,700,275,4015,1366,4318,3979,4172,4305,4728,4152,3713,3599,3665,3973,4273,3713,1962,1748,4626,7831,8683,9085,9410,5245,2446,3002,0,4995,10443,294,2536,251,99,224,3345,6749,339,1467,271,144,274,76,1123,3694,10443,18365,30225,37.8,10443,38.4,Monsoon,Tropical Wet & Dry,853.58,47.6
90,Maharashtra,2017,64637,2016,641,2183,289,511,5758,1622,2575,2203,2670,2513,2785,2375,2162,2042,2155,2292,2363,2688,1874,1999,3012,4265,4370,4806,5034,3463,3571,3887,169,5393,13020,339,2296,297,63,350,4313,7658,314,2398,353,193,486,208,1410,5362,13020,12370,16453,42.9,13020,44.2,Monsoon,Tropical Wet & Dry,1242.21,52.0
91,Manipur,2017,278,25,13,40,0,5,27,22,49,61,55,39,48,50,43,47,50,40,56,48,4,17,50,99,124,124,117,51,95,28,0,9,132,8,43,1,7,2,20,81,12,32,1,4,0,0,2,51,132,189,397,32.3,132,20.5,Monsoon,Heavy Rainfall,32.37,8.6
92,Meghalaya,2017,477,121,14,46,0,8,37,6,29,29,24,28,25,15,28,16,15,20,28,29,31,27,30,33,41,31,54,39,160,25,6,41,232,4,73,68,0,5,43,193,1,13,2,1,0,0,22,39,232,151,135,52.8,232,15.9,Winter,Heavy Rainfall,32.11,14.9
93,Mizoram,2017,216,23,1,27,0,1,14,1,6,6,5,11,5,6,2,1,7,9,3,4,4,5,11,11,9,10,10,5,32,31,0,4,67,3,32,4,0,0,0,39,3,21,1,3,0,0,0,28,67,24,41,36.9,67,20.9,Summer,Heavy Rainfall,12.39,17.4
94,Nagaland,2017,84,24,2,14,0,1,4,0,3,3,9,5,6,4,10,4,2,6,3,5,2,1,6,11,11,11,13,5,29,7,0,9,45,1,5,1,0,0,7,14,7,19,0,0,1,0,4,31,45,21,39,35.0,45,8.9,Summer,Heavy Rainfall,21.89,3.8
95,Odisha,2017,14326,533,159,1013,87,257,1677,897,1012,783,1023,914,965,978,875,789,779,857,888,992,953,1068,1122,1481,1601,1753,1707,1170,1999,1331,60,1233,4623,103,527,39,133,140,1268,2210,91,305,83,269,52,159,1454,2413,4623,4898,5957,45.1,4623,36.3,Monsoon,Tropical Wet & Dry,463.56,30.9
96,Puducherry,2017,1552,20,27,29,7,1,93,50,136,132,148,129,140,150,150,140,145,152,137,134,88,84,220,241,254,278,307,221,183,26,0,18,227,183,26,0,0,0,0,209,0,0,0,0,0,0,18,18,227,700,993,41.3,227,41.0,Monsoon,Coastal/Humid,16.73,92.8
97,Punjab,2017,9833,565,269,1150,77,230,1813,499,535,538,599,588,500,491,496,423,471,602,543,536,428,451,827,807,931,972,1132,774,1735,1232,0,1636,4603,231,1138,166,97,138,865,2635,217,633,152,146,270,52,498,1968,4603,2785,3537,44.1,4603,39.4,Monsoon,Hot & Dry,303.57,32.4
98,Rajasthan,2017,27832,1716,670,3153,620,211,2820,1254,1940,1814,1948,1911,2115,1879,1684,1721,1725,1860,1928,1587,923,1154,2180,3257,3937,4382,4057,2222,3875,1996,27,4546,10444,232,1276,123,7,192,5985,7815,157,614,115,92,248,125,1278,2629,10444,8356,13756,37.8,10444,27.0,Monsoon,Hot & Dry,815.03,34.1
99,Sikkim,2017,294,7,4,41,0,0,2,9,17,14,23,15,23,13,6,14,16,13,10,7,13,8,17,20,36,29,30,18,19,27,0,17,63,1,13,3,0,1,27,45,0,6,0,0,1,0,11,18,63,69,102,40.4,63,3.2,Summer,Alpine/Cold,6.91,42.5
100,Tamil Nadu,2017,28093,2506,1856,3615,340,478,5322,2040,5752,5288,5716,5251,5715,5623,5737,5640,5302,5484,4908,5146,2308,3613,7897,9402,9404,11666,14486,6786,5892,5691,0,4574,16157,908,2966,779,1079,757,3366,9855,626,2105,390,407,923,479,1372,6302,16157,27193,38369,41.5,16157,32.9,Monsoon,Tropical Wet & Dry,772.34,36.4
101,Telangana,2017,11552,882,257,1110,277,570,2875,625,1970,1851,1929,1973,2143,1792,1679,1729,1688,1692,1995,2043,1210,1239,2162,3188,3250,4174,4688,2573,1954,1357,0,3285,6596,141,287,52,214,190,2531,3415,392,573,232,353,276,290,1065,3181,6596,9710,12774,43.2,6596,43.6,Monsoon,Tropical Wet & Dry,384.67,30.0
102,Tripura,2017,739,30,9,31,0,11,39,43,42,40,39,44,54,35,39,36,45,37,41,52,11,22,43,101,76,111,88,52,72,60,0,31,163,16,32,7,15,1,41,112,12,12,5,4,2,1,15,51,163,173,331,34.3,163,23.9,Monsoon,Heavy Rainfall,40.99,18.0
103,Uttar Pradesh,2017,34760,5026,1946,4687,782,1088,5906,1326,3076,2696,2995,2900,3121,2869,2635,2619,2633,2846,2903,3286,3026,3351,4387,4801,4717,4848,5489,3960,6949,6331,629,6852,20761,2890,4748,661,325,538,3611,12773,1647,2956,486,399,478,241,1781,7988,20761,15826,18753,45.8,20761,28.4,Monsoon,Tropical Wet & Dry,2352.88,14.8
104,Uttarakhand,2017,1581,161,116,305,18,18,129,171,131,116,133,129,154,137,124,114,129,128,142,143,113,107,165,205,231,265,264,230,454,219,0,245,918,37,71,20,11,20,278,437,95,63,31,29,58,20,185,481,918,714,866,45.2,918,14.1,Monsoon,Alpine/Cold,115.18,13.7
105,West Bengal,2017,15109,1797,584,1005,113,220,1224,869,1248,1097,1224,1166,1161,1203,1070,953,984,1020,1109,1075,827,1215,1588,2072,2069,2020,1992,1527,1908,1682,44,2178,5812,149,1017,84,71,139,2158,3618,145,653,76,175,200,163,782,2194,5812,5561,7749,41.8,5812,21.1,Monsoon,Heavy Rainfall,1004.07,15.0
106,Andaman and Nicobar Islands,2018,183,5,4,4,0,1,5,0,21,27,17,18,21,14,22,32,15,26,20,21,6,10,35,38,40,48,52,25,8,6,0,5,19,2,5,1,0,0,6,14,1,2,1,0,0,0,1,5,19,93,161,36.6,19,26.3,Monsoon,Coastal/Humid,3.97,46.1
107,Andhra Pradesh,2018,16599,1100,441,877,356,710,2837,1263,1956,1813,1941,1875,2049,1777,1865,1642,1362,1553,1497,1678,1241,1462,2309,2933,3229,3705,4007,2122,2848,1829,18,2889,7584,431,1655,212,210,162,2799,5469,162,853,121,152,146,97,584,2115,7584,8832,12176,42.0,7584,37.4,Monsoon,Tropical Wet & Dry,495.63,33.5
108,Arunachal Pradesh,2018,304,36,1,71,5,2,21,27,33,13,18,20,19,15,16,19,12,18,15,31,12,12,18,28,30,63,43,23,35,71,0,57,163,2,25,1,0,0,78,106,9,10,4,0,4,0,30,57,163,90,139,39.3,163,12.9,Winter,Alpine/Cold,15.84,19.2
109,Assam,2018,5031,405,213,692,45,141,780,436,622,541,548,583,647,639,545,585,570,603,602,695,385,721,999,1166,985,1225,1002,697,1361,634,22,695,2712,165,521,84,77,22,710,1579,133,302,63,69,167,21,378,1133,2712,2805,4375,39.1,2712,28.8,Monsoon,Heavy Rainfall,351.07,14.3
110,Bihar,2018,11635,945,741,1553,201,534,2269,486,767,754,779,866,965,863,741,695,655,778,883,854,477,1131,1714,1851,1483,1329,1065,550,3210,1613,0,1906,6729,493,2338,144,57,25,672,3729,189,1840,93,267,84,77,450,3000,6729,3223,6377,33.6,6729,33.7,Monsoon,Tropical Wet & Dry,1239.26,9.4
111,Chandigarh,2018,242,4,2,67,0,15,7,6,31,26,40,26,26,15,27,24,25,28,25,24,19,10,52,73,33,52,43,35,8,0,0,93,101,0,0,0,0,0,0,0,5,36,10,14,8,2,26,101,101,107,210,33.8,101,6.9,Summer,Hot & Dry,11.58,20.9
112,Chhattisgarh,2018,18601,910,191,657,257,81,1730,767,1493,1170,1190,1168,1177,1138,1162,1074,989,1117,1085,1102,673,721,1571,1859,2183,2643,2924,1291,1306,1075,0,2212,4593,176,853,67,40,24,1628,2788,126,582,97,40,63,100,797,1805,4593,5609,8256,40.5,4593,37.7,Monsoon,Tropical Wet & Dry,292.36,63.6
113,Dadra and Nagar Haveli and Daman and Diu,2018,300,31,2,11,0,6,33,7,18,17,18,10,12,9,14,11,8,11,15,8,8,2,9,20,19,27,41,25,0,22,0,68,90,12,33,1,9,8,5,68,3,15,1,3,0,0,0,22,90,76,75,50.3,90,36.7,Winter,Coastal/Humid,6.86,43.7
114,Delhi,2018,5103,272,109,491,5,94,498,265,518,505,594,590,510,506,542,565,515,590,522,560,793,675,738,745,731,817,1059,959,264,110,0,1360,1734,8,78,0,1,19,153,259,68,498,48,20,32,65,744,1475,1734,3486,3031,53.5,1734,28.7,Monsoon,Hot & Dry,190.14,26.8
115,Goa,2018,738,9,3,29,0,0,184,39,344,350,320,333,319,308,261,248,269,305,310,343,279,212,389,564,538,632,648,448,121,22,0,121,264,6,111,20,8,5,56,206,4,23,11,0,5,0,15,58,264,1587,2123,42.8,264,69.7,Monsoon,Heavy Rainfall,15.86,46.5
116,Gujarat,2018,24653,1321,249,1955,123,524,2955,913,1620,1512,1615,1625,1735,1565,1342,1377,1342,1494,1655,1532,1182,1101,1929,2862,2990,3129,3271,1950,2116,2427,94,3403,8040,392,1779,358,154,549,2352,5584,220,1020,164,132,318,129,473,2456,8040,7504,10910,40.8,8040,36.8,Monsoon,Hot & Dry,709.04,34.8
117,Haryana,2018,15376,869,180,1312,149,194,1493,1232,913,999,1055,1069,949,911,888,955,885,1035,960,1033,883,1053,1360,1535,1733,1661,1923,1504,1963,1334,37,2095,5429,182,1198,104,71,281,1799,3635,104,358,51,65,323,306,587,1794,5429,5363,6289,46.0,5429,27.5,Monsoon,Hot & Dry,283.57,54.2
118,Himachal Pradesh,2018,2806,121,106,490,45,5,259,51,241,214,271,274,237,296,279,248,263,263,254,279,143,106,246,419,462,577,733,433,418,218,0,441,1077,59,454,56,15,66,86,736,32,195,32,25,22,9,26,341,1077,1415,1704,45.4,1077,24.0,Monsoon,Alpine/Cold,73.31,38.3
119,Jammu and Kashmir,2018,1388,128,116,317,25,26,215,159,459,399,461,482,551,547,503,586,513,566,474,456,232,338,509,999,1182,1276,979,482,400,119,0,467,986,16,243,21,4,44,348,676,14,74,19,5,32,4,162,310,986,2031,3966,33.9,986,21.8,Monsoon,Alpine/Cold,133.06,10.4
120,Jharkhand,2018,6199,388,334,711,68,357,1573,111,517,436,421,489,509,471,429,408,390,452,418,454,243,304,762,953,830,976,883,443,1141,1217,55,1129,3542,289,752,241,503,206,83,2074,244,414,207,316,164,67,56,1468,3542,1873,3521,34.7,3542,44.4,Monsoon,Tropical Wet & Dry,382.93,16.2
121,Karnataka,2018,24829,1153,740,1945,232,568,5020,1332,3936,3473,3552,3526,3703,3466,3261,3227,3158,3214,3432,3759,2137,2465,4411,6069,6428,7355,8238,4604,3936,3084,0,3970,10990,118,776,118,65,119,6072,7268,199,407,74,102,192,143,2605,3722,10990,17444,24263,41.8,10990,45.7,Monsoon,Tropical Wet & Dry,673.62,36.9
122,Kerala,2018,12016,235,214,517,6,213,2052,1066,3655,3433,3448,3326,3592,3200,3045,2918,3278,3302,3449,3535,914,1075,4736,7396,6182,8011,8382,3485,1248,876,0,2179,4303,236,1194,226,95,34,1043,2828,132,916,87,41,41,61,197,1475,4303,13856,26325,34.5,4303,47.7,Monsoon,Heavy Rainfall,354.99,33.8
123,Lakshadweep,2018,6,0,0,0,0,0,1,0,0,0,0,1,1,0,1,0,0,0,0,0,0,0,0,0,1,1,1,0,0,0,0,1,1,0,0,0,0,0,1,1,0,0,0,0,0,0,0,0,1,1,2,33.3,1,100.0,Summer,Coastal/Humid,0.73,8.2
124,Madhya Pradesh,2018,41682,1521,649,2119,661,273,4277,1927,4709,3800,4117,4309,4369,4111,3658,3545,3473,3939,3636,3803,2432,2166,4282,7376,8329,8641,8988,5255,2637,3432,0,5358,11427,403,2887,335,145,252,3359,7381,341,1531,305,163,367,161,1178,4046,11427,18841,28628,39.7,11427,37.4,Monsoon,Tropical Wet & Dry,853.58,48.8
125,Maharashtra,2018,68451,2020,544,2249,278,620,6389,1763,2562,2343,2572,2590,2808,2373,1995,2201,2321,2643,2626,2706,2088,2187,2945,3961,4453,4809,5351,3946,3867,3951,107,5938,13863,323,3057,171,71,341,3986,7949,327,2762,268,224,403,201,1729,5914,13863,13572,16168,45.6,13863,46.1,Monsoon,Tropical Wet & Dry,1242.21,55.1
126,Manipur,2018,285,40,4,30,0,5,39,17,53,46,53,43,40,44,43,48,38,49,71,74,36,31,59,82,96,116,130,52,79,29,0,27,135,8,57,2,1,0,26,94,6,22,0,3,0,4,6,41,135,249,353,41.4,135,28.9,Winter,Heavy Rainfall,32.37,8.8
127,Meghalaya,2018,440,65,5,65,1,17,33,10,37,22,22,20,17,19,22,17,19,16,26,21,24,16,18,37,38,48,43,34,107,29,14,46,196,5,48,27,2,11,48,141,9,22,5,1,0,4,14,55,196,117,141,45.3,196,16.8,Winter,Heavy Rainfall,32.11,13.7
128,Mizoram,2018,181,10,11,21,0,8,10,2,3,0,3,6,8,3,3,5,4,5,6,4,3,5,6,6,7,12,7,4,26,28,0,8,62,2,21,0,0,0,0,23,1,23,1,0,13,0,1,39,62,19,31,38.0,62,16.1,Summer,Heavy Rainfall,12.39,14.6
129,Nagaland,2018,84,12,0,18,0,1,3,1,4,6,8,4,3,6,3,1,4,1,1,9,3,4,5,3,6,10,8,11,20,6,0,9,35,0,7,0,0,0,6,13,2,17,0,0,0,0,3,22,35,26,24,52.0,35,8.6,Winter,Heavy Rainfall,21.89,3.8
130,Odisha,2018,17052,658,190,753,90,312,2143,1090,1029,907,950,953,971,936,863,859,853,937,944,1060,680,780,1174,1584,1718,1993,2207,1126,1996,1329,25,1886,5236,97,537,30,112,55,1622,2453,145,296,37,414,45,32,1814,2783,5236,4793,6469,42.6,5236,40.9,Monsoon,Tropical Wet & Dry,463.56,36.8
131,Puducherry,2018,1213,1,5,8,0,4,99,109,133,107,133,144,148,125,137,127,147,128,127,141,58,88,230,301,151,297,346,126,120,43,0,63,226,65,37,0,0,0,30,132,0,0,0,0,0,0,94,94,226,618,979,38.7,226,43.8,Monsoon,Coastal/Humid,16.73,72.5
132,Punjab,2018,10202,489,260,1269,59,260,1932,469,577,488,504,546,570,500,487,518,500,536,618,580,504,566,818,813,773,881,1257,812,1760,1332,34,1612,4738,292,910,187,116,217,982,2704,235,776,159,137,213,35,479,2034,4738,3139,3285,48.9,4738,40.8,Monsoon,Hot & Dry,303.57,33.6
133,Rajasthan,2018,28261,1504,631,2986,551,208,2983,1457,2053,1727,1922,1980,2062,1738,1679,1625,1756,1795,1873,1533,1112,1281,2150,3116,3565,4123,4184,2212,3762,1874,19,4665,10320,191,1360,82,64,199,5956,7852,169,583,96,72,225,80,1243,2468,10320,8789,12954,40.4,10320,28.9,Monsoon,Hot & Dry,815.03,34.7
134,Sikkim,2018,275,14,0,49,0,1,6,1,12,22,14,11,18,6,17,8,11,29,11,10,14,11,10,23,26,31,35,19,11,32,0,28,71,2,29,3,0,0,20,54,0,7,1,0,1,0,8,17,71,79,90,46.7,71,8.5,Winter,Alpine/Cold,6.91,39.8
135,Tamil Nadu,2018,24433,1938,1471,3068,105,274,3965,1395,5798,5243,5330,5535,5636,5484,5465,5545,5302,5075,4864,4643,2450,3319,7657,9384,9478,11171,14238,6223,4492,4285,0,3439,12216,527,2100,608,820,830,2540,7425,363,999,373,494,686,722,1154,4791,12216,26230,37690,41.0,12216,32.5,Monsoon,Tropical Wet & Dry,772.34,31.6
136,Telangana,2018,10847,881,426,1271,237,433,2828,527,1976,1763,1899,1995,2138,1908,1750,1681,1516,1788,1919,1897,1043,1183,2372,3196,3442,4249,4485,2260,1894,1299,1,3409,6603,145,428,173,217,169,2299,3431,189,913,66,285,166,220,1333,3172,6603,8971,13259,40.4,6603,42.8,Monsoon,Tropical Wet & Dry,384.67,28.2
137,Tripura,2018,686,18,3,49,0,14,63,65,52,38,51,40,44,45,35,34,50,55,51,56,15,7,51,79,88,111,119,81,83,66,0,63,212,12,56,7,5,5,46,131,15,40,4,6,6,0,10,81,212,222,329,40.3,212,29.7,Monsoon,Heavy Rainfall,40.99,16.7
138,Uttar Pradesh,2018,36868,5295,1989,5568,913,1190,6474,1112,3245,3058,3186,3142,3210,3114,2967,2776,2761,2956,3051,3389,3468,3305,4289,4885,4590,5179,6300,4839,6928,6375,764,8474,22541,2484,5610,640,339,479,4498,14050,1490,3096,528,514,582,207,2074,8491,22541,17912,18943,48.6,22541,28.7,Monsoon,Tropical Wet & Dry,2352.88,15.7
139,Uttarakhand,2018,1855,124,154,396,23,7,260,109,135,111,115,126,130,127,115,124,102,110,124,150,107,138,196,178,175,237,260,178,602,285,0,186,1073,58,71,19,19,28,365,560,74,100,25,45,61,26,182,513,1073,683,786,46.5,1073,24.2,Monsoon,Alpine/Cold,115.18,16.1
140,West Bengal,2018,16109,1738,526,904,226,178,1174,723,1084,914,1046,993,969,1047,1006,904,880,973,981,1030,979,1137,1379,1720,1795,1794,1688,1335,2004,1405,63,1997,5469,186,953,51,51,126,1992,3359,137,693,49,88,195,112,836,2110,5469,5139,6688,43.5,5469,21.5,Monsoon,Heavy Rainfall,1004.07,16.0
141,Andaman and Nicobar Islands,2019,198,0,1,0,0,0,13,6,17,14,29,25,14,23,22,14,15,18,20,19,9,3,26,39,42,43,42,26,7,5,0,8,20,1,5,1,0,0,6,13,2,3,1,0,0,0,1,7,20,80,150,34.8,20,65.0,Monsoon,Coastal/Humid,3.97,49.9
142,Andhra Pradesh,2019,17938,1043,469,1298,277,729,3012,1156,1783,1655,1772,1799,1821,1795,1688,1721,1463,1595,1698,1887,858,1206,2311,2864,3261,3679,4425,2073,2997,2080,0,2907,7984,443,1147,218,212,98,2976,5094,167,824,178,220,80,192,1229,2890,7984,8562,12115,41.4,7984,37.7,Monsoon,Tropical Wet & Dry,495.63,36.2
143,Arunachal Pradesh,2019,275,32,0,37,3,1,30,6,25,17,12,19,9,17,22,12,11,17,17,22,12,12,17,24,24,52,43,16,37,38,0,34,109,4,10,1,0,0,50,65,5,11,0,2,0,0,26,44,109,83,117,41.5,109,27.5,Winter,Alpine/Cold,15.84,17.4
144,Assam,2019,5436,299,285,894,41,187,1362,177,748,748,752,648,677,673,566,581,661,658,655,688,443,548,958,1481,1244,1420,1122,839,1479,717,0,1049,3245,318,1168,164,272,32,6,1960,252,626,134,141,132,0,0,1285,3245,2952,5103,36.6,3245,42.0,Monsoon,Heavy Rainfall,351.07,15.5
145,Bihar,2019,15211,1116,551,1177,262,561,2981,557,898,807,928,806,1054,1014,748,746,592,698,893,823,566,1665,1627,1630,1201,1485,1255,578,3403,1854,0,1948,7205,569,2900,254,153,73,142,4091,345,1604,177,418,281,168,121,3114,7205,4064,5943,40.6,7205,41.4,Monsoon,Tropical Wet & Dry,1239.26,12.3
146,Chandigarh,2019,414,2,0,2,0,7,46,47,30,21,22,22,25,26,25,36,14,27,29,27,16,7,46,36,39,43,65,52,13,0,0,91,104,0,2,1,0,0,3,6,2,8,3,8,6,0,71,98,104,140,164,46.1,104,44.2,Monsoon,Hot & Dry,11.58,35.8
147,Chhattisgarh,2019,19789,689,135,548,268,60,2499,804,1389,1236,1122,1236,1273,1178,1172,1025,999,1094,1127,1048,563,632,1515,2107,2226,2598,2882,1376,1455,1146,0,2402,5003,136,1337,42,14,35,2079,3643,42,526,41,13,69,23,646,1360,5003,5453,8446,39.2,5003,50.0,Monsoon,Tropical Wet & Dry,292.36,67.7
148,Dadra and Nagar Haveli and Daman and Diu,2019,272,30,1,12,2,6,19,8,10,12,13,14,11,13,10,10,13,12,6,7,9,3,6,8,24,32,25,24,0,28,0,50,78,6,26,4,4,18,3,61,1,11,0,0,5,0,0,17,78,61,70,46.6,78,24.4,Monsoon,Coastal/Humid,6.86,39.7
149,Delhi,2019,4919,154,70,417,8,55,455,349,524,469,522,445,480,485,469,412,422,455,469,449,521,482,645,708,669,735,946,895,271,187,0,1050,1508,5,47,1,2,9,44,108,26,289,26,15,38,78,928,1400,1508,2844,2757,50.8,1508,30.2,Monsoon,Hot & Dry,190.14,25.9
150,Goa,2019,795,7,4,29,0,2,207,50,329,298,305,282,313,270,231,252,235,281,293,351,245,150,306,528,563,595,635,418,121,29,0,149,299,8,135,15,11,2,63,234,4,19,3,5,9,4,21,65,299,1448,1992,42.1,299,69.2,Monsoon,Heavy Rainfall,15.86,50.1
151,Gujarat,2019,23910,962,257,1573,157,409,2991,1079,1663,1580,1544,1395,1560,1357,1206,1136,1067,1310,1254,1431,906,808,1643,2586,2576,2750,3396,1838,1942,2164,42,3280,7428,269,1722,195,59,300,2939,5484,213,492,114,55,313,95,662,1944,7428,6948,9555,42.1,7428,40.3,Monsoon,Hot & Dry,709.04,33.7
152,Haryana,2019,15639,763,199,1104,171,130,1210,1692,963,809,991,919,932,875,923,888,855,915,926,941,740,927,1281,1477,1552,1738,1946,1276,1829,1274,104,2062,5269,241,755,122,56,281,2039,3494,116,235,64,61,226,223,850,1775,5269,4889,6048,44.7,5269,23.0,Monsoon,Hot & Dry,283.57,55.2
153,Himachal Pradesh,2019,3256,103,115,547,34,1,271,53,240,167,250,254,255,292,233,252,228,257,232,236,136,91,220,372,430,575,679,393,451,211,0,462,1124,68,563,68,27,60,16,802,49,155,41,19,28,24,6,322,1124,1299,1597,44.9,1124,24.1,Monsoon,Alpine/Cold,73.31,44.4
154,Jammu and Kashmir,2019,1451,105,113,319,30,12,201,229,452,293,440,503,535,592,639,406,435,555,517,428,191,250,531,1088,1182,1145,935,473,364,118,0,527,1009,28,244,16,5,20,425,738,14,77,11,0,9,5,155,271,1009,1849,3946,31.9,1009,19.9,Monsoon,Alpine/Cold,133.06,10.9
155,Jharkhand,2019,7703,422,178,849,32,251,1949,120,465,486,440,447,428,485,465,396,371,414,396,424,317,499,708,828,837,804,809,415,1511,987,66,1237,3801,247,744,293,356,278,121,2039,223,657,178,234,337,39,94,1762,3801,2040,3177,39.1,3801,51.3,Monsoon,Tropical Wet & Dry,382.93,20.1
156,Karnataka,2019,25451,963,559,1983,214,534,4946,1752,3696,3512,3550,3583,3730,3599,3029,2895,2901,3168,3361,3620,1870,2052,4319,6026,6590,7164,8197,4426,3826,3179,0,3946,10951,198,582,82,52,183,6428,7525,232,651,58,134,237,72,2042,3426,10951,16545,24099,40.7,10951,45.2,Monsoon,Tropical Wet & Dry,673.62,37.8
157,Kerala,2019,13763,271,233,489,4,229,2115,1029,3772,3558,3377,3301,3653,3246,3144,2825,2985,3268,3352,3463,1063,1394,4866,7312,6199,7862,7962,3286,1290,1040,0,2040,4370,249,1121,284,92,62,1046,2854,175,661,169,99,61,90,261,1516,4370,13705,26239,34.3,4370,48.4,Monsoon,Heavy Rainfall,354.99,38.8
158,Lakshadweep,2019,5,0,0,0,0,0,0,0,0,1,0,0,0,0,0,0,0,0,0,0,0,0,0,1,0,0,0,0,0,0,0,0,0,0,0,0,0,0,0,0,0,0,0,0,0,0,0,0,0,0,1,0.0,0,0.0,Winter,Coastal/Humid,0.73,6.8
159,Madhya Pradesh,2019,42431,1625,587,2440,701,330,4732,1441,5205,4365,4385,4368,5054,4661,4067,3788,3500,4080,4268,3900,2720,2467,4936,7616,8884,9284,9767,5967,3165,3299,0,5392,11856,357,2735,301,205,304,3838,7740,475,1445,243,170,268,73,1442,4116,11856,20921,30720,40.5,11856,39.9,Monsoon,Tropical Wet & Dry,853.58,49.7
160,Maharashtra,2019,70329,1812,460,2437,286,507,7137,1969,2623,2429,2588,2303,2672,2348,2117,1899,1850,1772,2274,2411,2047,2040,2694,3771,4107,4509,4801,3317,5083,3813,167,5545,14608,328,3057,344,255,390,5693,10067,329,2205,132,189,246,168,1272,4541,14608,12205,15081,44.7,14608,48.9,Monsoon,Tropical Wet & Dry,1242.21,56.6
161,Manipur,2019,309,32,2,38,0,6,48,30,60,51,58,50,63,67,55,54,45,51,43,75,14,16,81,101,127,127,143,63,111,35,0,10,156,11,70,5,10,8,13,117,6,21,3,1,2,3,3,39,156,236,436,35.1,156,30.8,Monsoon,Heavy Rainfall,32.37,9.5
162,Meghalaya,2019,476,41,6,64,1,10,46,8,25,24,21,20,22,16,15,20,21,21,13,18,17,22,25,28,33,39,36,36,104,24,0,48,176,9,90,15,0,17,8,139,7,26,1,2,0,0,1,37,176,111,125,47.0,176,26.1,Monsoon,Heavy Rainfall,32.11,14.8
163,Mizoram,2019,171,13,2,28,0,1,19,0,3,7,5,4,4,3,4,5,5,5,5,7,3,7,3,9,4,12,9,10,25,29,0,9,63,2,28,0,0,0,0,30,1,31,1,0,0,0,0,33,63,29,28,50.9,63,30.2,Winter,Heavy Rainfall,12.39,13.8
164,Nagaland,2019,63,13,0,4,0,0,5,0,2,1,2,3,3,3,3,1,1,3,1,3,0,1,3,6,5,5,5,1,11,3,0,8,22,0,3,0,0,0,9,12,0,6,0,0,1,0,3,10,22,7,19,26.9,22,22.7,Summer,Heavy Rainfall,21.89,2.9
165,Odisha,2019,16459,630,260,672,51,217,2311,1192,1092,932,1036,887,952,903,886,816,709,874,942,1035,1023,1193,1399,1367,1359,1456,1485,1782,2107,1483,64,1679,5333,64,329,36,70,47,2656,3202,492,88,24,34,48,19,1426,2131,5333,5483,5581,49.6,5333,43.3,Monsoon,Tropical Wet & Dry,463.56,35.5
166,Puducherry,2019,1103,1,5,12,0,0,62,67,127,105,118,108,114,125,118,125,124,111,105,112,180,185,180,190,201,190,114,152,120,19,0,8,147,53,45,0,0,0,22,120,0,0,0,0,0,0,27,27,147,631,761,45.3,147,42.2,Monsoon,Coastal/Humid,16.73,65.9
167,Punjab,2019,11048,460,224,1301,91,108,1743,686,530,459,534,544,501,537,442,494,526,634,593,522,347,414,705,824,867,967,1215,977,1670,1146,15,1782,4613,242,1058,167,148,302,920,2837,263,629,168,117,193,65,341,1776,4613,2953,3363,46.8,4613,37.8,Monsoon,Hot & Dry,303.57,36.4
168,Rajasthan,2019,28697,1477,527,2746,386,231,3504,1692,2188,1833,2050,1958,2337,2239,2007,1745,1671,1833,1954,1663,1048,1200,2503,3395,4022,4702,4369,2239,3891,2004,91,4577,10563,189,1357,77,21,267,5914,7825,179,637,95,46,364,101,1316,2738,10563,8856,14622,37.7,10563,33.2,Monsoon,Hot & Dry,815.03,35.2
169,Sikkim,2019,295,18,0,52,0,0,10,4,20,7,17,14,14,8,8,14,19,13,15,23,5,6,11,28,37,33,41,11,27,25,0,32,84,2,25,1,0,2,30,60,0,7,3,0,1,0,13,24,84,63,109,36.6,84,11.9,Winter,Alpine/Cold,6.91,42.7
170,Tamil Nadu,2019,22404,1663,1135,1804,119,296,3537,1971,5173,4749,5122,4776,4962,5209,4813,4767,4626,4708,4262,4061,2008,2781,6768,8190,8109,9971,13143,6258,3921,3423,0,3181,10525,600,1436,570,832,676,2794,6908,348,632,234,316,427,1044,616,3617,10525,24190,33038,42.3,10525,33.6,Monsoon,Tropical Wet & Dry,772.34,29.0
171,Telangana,2019,11720,855,315,1287,243,668,3185,411,1800,1757,2011,1824,1979,1928,1790,1602,1353,1695,1864,1967,1124,991,2227,3105,3260,4131,4489,2243,2384,958,0,3622,6964,191,669,152,329,213,2501,4055,354,506,359,439,354,258,639,2909,6964,8847,12723,41.0,6964,45.7,Monsoon,Tropical Wet & Dry,384.67,30.5
172,Tripura,2019,707,38,6,41,0,20,86,48,70,62,47,38,59,54,50,55,50,50,63,57,13,8,59,128,133,149,114,51,105,70,0,64,239,12,88,6,5,4,44,159,6,38,8,0,6,0,22,80,239,186,469,28.4,239,36.0,Monsoon,Heavy Rainfall,40.99,17.2
173,Uttar Pradesh,2019,40596,5272,1957,5818,806,1518,6431,1483,3570,3160,3347,2995,3462,3345,2858,2761,2574,2829,3279,3357,3612,3701,4401,4953,4962,5476,5823,4609,7187,6385,761,8952,23285,1980,4791,787,465,565,5041,13629,1611,3384,1016,498,622,223,2302,9656,23285,17745,19792,47.3,23285,27.6,Monsoon,Tropical Wet & Dry,2352.88,17.3
174,Uttarakhand,2019,1886,157,69,247,32,16,266,80,121,117,104,97,128,137,123,108,85,101,101,130,115,116,152,185,209,202,200,173,339,234,0,294,867,57,269,52,43,48,17,486,36,210,23,46,47,1,18,381,867,604,748,44.7,867,30.7,Monsoon,Alpine/Cold,115.18,16.4
175,West Bengal,2019,15985,1569,467,989,232,180,1318,969,935,965,947,904,951,932,1142,1018,1015,1129,1106,1189,944,992,1345,1821,1742,1990,1979,1420,1967,1617,79,2061,5724,180,1150,35,51,114,2233,3763,143,736,41,61,99,153,728,1961,5724,5335,6898,43.6,5724,23.0,Monsoon,Heavy Rainfall,1004.07,15.9
176,Andaman and Nicobar Islands,2020,213,1,0,1,0,0,8,4,27,21,12,0,14,10,12,3,11,10,8,13,1,3,10,14,28,29,41,15,8,3,0,3,14,0,4,1,0,0,5,10,0,2,0,0,0,0,2,4,14,60,81,42.6,14,57.1,Winter,Coastal/Humid,3.97,53.7
177,Andhra Pradesh,2020,14653,398,63,602,95,559,3714,1608,1888,1894,1522,485,1044,1338,1235,1410,1578,1749,1862,1919,483,966,2242,2776,2748,3476,3793,1440,2858,1704,0,2477,7039,276,1383,158,267,152,3037,5273,157,668,55,91,74,76,645,1766,7039,6682,11242,37.3,7039,52.8,Winter,Tropical Wet & Dry,495.63,29.6
178,Arunachal Pradesh,2020,354,29,0,28,1,0,27,5,19,20,17,4,9,4,10,4,6,16,23,27,7,4,15,22,24,34,34,19,33,34,0,23,90,2,14,0,0,0,55,71,6,0,0,0,4,0,9,19,90,64,95,40.3,90,30.0,Winter,Alpine/Cold,15.84,22.3
179,Assam,2020,4913,252,120,620,31,107,1441,242,832,824,658,148,358,513,407,446,507,617,680,747,495,577,726,1205,1114,1087,915,618,1370,633,67,743,2813,293,875,138,134,88,24,1552,229,509,97,240,163,11,12,1261,2813,2605,4132,38.7,2813,51.2,Winter,Heavy Rainfall,351.07,14.0
180,Bihar,2020,14474,898,402,1099,243,652,2830,574,781,866,731,404,523,792,660,679,753,674,803,973,422,837,1100,1599,1093,1829,1178,581,3061,1902,0,1735,6698,603,2267,262,108,28,343,3611,562,1315,299,433,196,98,184,3087,6698,3018,5621,34.9,6698,42.3,Monsoon,Tropical Wet & Dry,1239.26,11.7
181,Chandigarh,2020,323,1,0,3,0,0,23,26,17,17,11,4,9,7,16,17,12,18,14,15,8,6,15,12,14,24,40,38,6,0,0,47,53,3,3,1,0,0,0,7,4,3,4,0,3,6,26,46,53,92,65,58.6,53,43.4,Monsoon,Hot & Dry,11.58,27.9
182,Chhattisgarh,2020,20057,355,53,473,176,47,2694,818,1382,1269,951,309,716,932,957,923,875,1027,1170,1163,598,738,1225,1808,2083,2228,2082,912,1469,943,0,2204,4616,138,1191,56,18,68,1981,3452,78,404,34,23,50,54,521,1164,4616,4330,7344,37.1,4616,58.4,Winter,Tropical Wet & Dry,292.36,68.6
183,Dadra and Nagar Haveli and Daman and Diu,2020,255,16,0,8,1,0,32,7,14,9,3,2,5,6,9,9,10,11,11,9,3,2,8,10,16,22,17,20,0,18,0,46,64,10,29,0,8,5,1,53,2,4,1,3,0,1,0,11,64,42,56,42.9,64,50.0,Monsoon,Coastal/Humid,6.86,37.2
184,Delhi,2020,4116,106,30,310,2,51,489,208,492,407,390,99,171,261,356,371,382,472,380,406,446,340,470,558,454,533,655,731,216,54,5,921,1196,7,16,4,0,1,14,42,63,385,42,14,44,23,583,1154,1196,2172,2015,51.9,1196,40.9,Monsoon,Hot & Dry,190.14,21.6
185,Goa,2020,611,7,0,18,0,1,163,35,341,317,196,83,156,156,129,144,156,183,242,272,175,95,208,372,338,413,463,311,75,34,0,115,224,5,99,13,2,9,44,172,1,22,6,16,1,0,6,52,224,1044,1331,44.0,224,72.8,Winter,Heavy Rainfall,15.86,38.5
186,Gujarat,2020,20799,678,103,1224,75,359,2780,981,1536,1538,1231,347,667,956,959,972,1087,1284,1377,1453,777,808,1476,2035,2207,2272,2616,1216,1724,1952,28,2496,6200,261,1295,201,63,396,2423,4639,181,548,87,130,231,126,258,1561,6200,5417,7990,40.4,6200,44.8,Winter,Hot & Dry,709.04,29.3
187,Haryana,2020,14849,562,85,914,145,63,1357,1505,894,939,774,215,511,742,803,850,830,995,974,979,547,800,1110,1216,1299,1453,1876,1205,1489,976,108,2058,4631,182,734,107,75,99,1853,3050,85,283,40,47,149,132,845,1581,4631,4428,5078,46.6,4631,29.3,Monsoon,Hot & Dry,283.57,52.4
188,Himachal Pradesh,2020,2751,126,21,417,32,4,231,33,189,190,173,48,118,138,224,217,213,280,222,223,101,47,190,283,292,471,545,306,356,123,0,385,864,50,450,48,28,50,25,651,27,130,17,10,18,3,8,213,864,999,1236,44.7,864,26.7,Monsoon,Alpine/Cold,73.31,37.5
189,Jammu and Kashmir,2020,1305,121,85,251,26,8,173,99,366,445,363,149,327,397,428,480,484,566,540,455,99,156,618,941,1051,1049,797,289,286,94,0,383,763,18,170,13,2,22,293,518,11,63,8,2,10,19,132,245,763,1341,3659,26.8,763,22.7,Monsoon,Alpine/Cold,133.06,9.8
190,Jharkhand,2020,6890,301,110,579,37,122,1736,159,429,466,405,92,183,397,312,339,351,426,483,522,213,266,575,827,817,698,664,345,1176,1011,0,857,3044,247,583,323,379,217,207,1956,173,359,132,183,139,73,29,1088,3044,1488,2917,33.8,3044,57.0,Winter,Tropical Wet & Dry,382.93,18.0
191,Karnataka,2020,24398,611,177,1592,87,315,4993,1985,3774,3651,3026,804,2260,2660,2332,2797,2844,2996,3356,3678,1835,1921,3459,5098,5630,5774,6914,3547,3330,2899,0,3531,9760,285,1278,191,85,210,5274,7323,147,507,104,114,127,65,1373,2437,9760,14217,19961,41.6,9760,51.2,Winter,Tropical Wet & Dry,673.62,36.2
192,Kerala,2020,12981,191,62,317,5,143,1585,674,3991,3776,2881,447,1368,2022,1755,1740,2005,2312,2595,2907,630,958,3517,5141,4216,5635,5690,2012,864,724,0,1389,2977,118,700,171,64,50,852,1955,109,505,74,59,61,57,157,1022,2977,9290,18509,33.4,2977,53.2,Winter,Heavy Rainfall,354.99,36.6
193,Lakshadweep,2020,3,0,0,0,0,0,0,0,0,0,0,0,0,0,0,1,0,0,0,0,0,0,0,0,0,1,0,0,0,0,0,0,0,0,0,0,0,0,0,0,0,0,0,0,0,0,0,0,0,0,1,0.0,0,0.0,Monsoon,Coastal/Humid,0.73,4.1
194,Madhya Pradesh,2020,40518,1335,395,2406,578,257,5182,1512,4521,4335,3505,852,2100,3534,3497,3465,3561,4131,4599,4296,1994,1731,3672,5860,7190,7994,9008,4947,3001,2948,0,5716,11665,421,2493,266,254,251,4037,7722,345,1500,233,182,258,110,1315,3943,11665,17680,24716,41.7,11665,44.4,Monsoon,Tropical Wet & Dry,853.58,47.5
195,Maharashtra,2020,57806,1764,269,1822,255,411,5877,1620,2540,2389,1945,584,1201,1516,1407,1635,1720,2139,2355,2780,1442,1299,2301,3058,3369,3712,4365,2665,3334,3365,60,5259,12018,255,2143,201,53,297,5172,8121,558,1563,243,160,300,123,950,3897,12018,9771,12440,44.0,12018,48.9,Winter,Tropical Wet & Dry,1242.21,46.5
196,Manipur,2020,288,30,0,23,0,3,39,32,56,64,53,12,28,23,33,20,30,27,43,43,8,5,52,71,71,95,91,39,90,16,0,21,127,9,45,0,8,0,34,96,8,10,0,7,0,5,1,31,127,143,289,33.1,127,30.7,Winter,Heavy Rainfall,32.37,8.9
197,Meghalaya,2020,491,34,7,41,0,2,31,23,28,22,16,3,12,14,11,8,16,16,25,34,15,14,18,24,26,29,42,37,80,9,0,49,138,3,30,24,1,0,32,90,5,30,1,2,1,0,9,48,138,108,97,52.7,138,22.5,Winter,Heavy Rainfall,32.11,15.3
198,Mizoram,2020,195,12,0,20,0,0,21,0,7,6,3,2,2,1,4,2,3,2,5,10,2,1,5,11,8,7,5,8,26,21,0,6,53,3,23,4,0,1,0,31,4,17,1,0,0,0,0,22,53,16,31,34.0,53,39.6,Winter,Heavy Rainfall,12.39,15.7
199,Nagaland,2020,74,14,0,11,0,0,2,0,3,0,5,1,3,3,1,1,1,0,5,4,1,1,1,2,6,9,3,4,11,9,0,7,27,1,11,0,0,0,3,15,0,10,2,0,0,0,0,12,27,9,18,33.3,27,7.4,Summer,Heavy Rainfall,21.89,3.4
200,Odisha,2020,18888,355,93,492,29,159,2391,1219,1056,956,801,265,583,757,725,736,844,934,971,1189,480,646,947,1426,1646,1885,1849,938,1760,1245,31,1702,4738,87,421,162,140,114,1469,2393,76,372,124,217,205,22,1329,2345,4738,3913,5904,39.9,4738,50.5,Winter,Tropical Wet & Dry,463.56,40.7
201,Puducherry,2020,882,2,5,13,0,0,57,68,132,133,98,17,35,63,66,65,92,86,86,96,112,123,106,121,130,115,130,132,123,17,0,5,145,40,34,0,0,0,13,87,0,0,0,0,0,0,58,58,145,497,472,51.3,145,39.3,Winter,Coastal/Humid,16.73,52.7
202,Punjab,2020,9573,336,97,1042,62,120,1555,704,491,507,415,146,318,357,437,401,443,554,599,505,348,494,620,737,638,742,986,608,1409,940,20,1547,3916,210,852,161,75,233,664,2195,209,648,140,163,213,123,225,1721,3916,2436,2737,47.1,3916,39.7,Monsoon,Hot & Dry,303.57,31.5
203,Rajasthan,2020,22384,1417,390,2209,365,174,3266,1431,1945,2044,1646,369,941,1468,1667,1621,1671,1853,1982,1914,758,893,2106,2830,3043,3647,3742,2102,3289,1806,28,4129,9252,191,1031,74,52,228,5159,6735,116,414,62,67,243,98,1517,2517,9252,7495,11626,39.2,9252,35.3,Monsoon,Hot & Dry,815.03,27.5
204,Sikkim,2020,299,7,0,29,0,0,6,0,17,12,11,1,7,5,6,6,4,14,12,13,6,1,14,17,17,17,19,17,11,9,0,22,42,1,13,1,0,0,13,28,3,7,0,0,0,0,4,14,42,43,65,39.8,42,14.3,Winter,Alpine/Cold,6.91,43.3
205,Tamil Nadu,2020,18390,510,230,1129,80,338,3970,1802,4675,4407,3790,688,2373,2985,3323,4275,4577,4799,4828,4764,1906,2060,5186,6864,6853,7751,10751,4113,3027,2515,0,2517,8059,424,1199,307,442,406,1779,4557,391,760,254,371,504,483,739,3502,8059,18830,26654,41.4,8059,49.3,Monsoon,Tropical Wet & Dry,772.34,23.8
206,Telangana,2020,11822,518,194,847,278,440,3963,642,2005,2078,1595,454,1279,1349,1418,1461,1535,1694,2030,2274,1299,1240,1912,2460,2797,3479,3988,1997,2496,791,40,3555,6882,64,569,87,80,93,2840,3733,267,844,504,335,346,183,670,3149,6882,8524,10648,44.5,6882,57.6,Winter,Tropical Wet & Dry,384.67,30.7
207,Tripura,2020,694,20,1,26,0,6,86,53,58,56,50,8,24,35,28,30,39,40,40,58,8,4,46,99,85,110,70,44,78,67,0,47,192,10,73,6,4,2,27,122,6,50,1,0,0,0,13,70,192,126,340,27.0,192,44.8,Winter,Heavy Rainfall,40.99,16.9
208,Uttar Pradesh,2020,31691,4606,725,5098,614,933,5735,1326,3028,2938,2260,1039,1680,2092,2143,2366,2332,2612,3027,3136,2472,2755,3208,3967,3619,4336,4894,3402,6137,5324,711,6865,19037,1539,4045,674,318,590,4775,11941,1035,2581,651,329,681,0,1819,7096,19037,13523,15130,47.2,19037,30.1,Winter,Tropical Wet & Dry,2352.88,13.5
209,Uttarakhand,2020,1663,52,7,190,10,13,298,123,118,108,88,12,49,65,74,79,105,109,108,135,76,79,105,137,177,178,180,118,367,131,0,195,693,13,57,2,25,4,260,361,12,48,2,32,1,0,237,332,693,453,597,43.1,693,43.0,Winter,Alpine/Cold,115.18,14.4
210,West Bengal,2020,14794,1328,374,983,119,129,1374,864,1214,1155,1028,257,408,740,830,844,952,1147,1152,1116,781,813,1199,1709,1714,1793,1740,1094,1715,1507,71,1878,5171,99,984,56,32,76,1953,3200,107,536,35,46,94,128,1025,1971,5171,4428,6415,40.8,5171,26.6,Winter,Heavy Rainfall,1004.07,14.7
211,Andaman and Nicobar Islands,2021,210,0,1,1,0,1,10,9,14,9,13,11,6,3,13,10,10,3,11,14,3,3,6,11,20,31,25,18,6,4,0,12,22,0,5,0,0,0,5,10,3,4,0,1,0,0,4,12,22,49,68,41.9,22,45.5,Winter,Coastal/Humid,3.97,52.9
212,Andhra Pradesh,2021,16044,523,146,652,218,644,4166,1837,2120,1845,1906,1703,1233,1594,1792,1968,1815,1924,1649,2007,780,1126,2337,3324,3416,4125,4522,1926,3602,1904,0,2680,8186,254,1576,268,268,276,3747,6389,164,567,90,110,108,131,627,1797,8186,8354,13202,38.8,8186,50.9,Monsoon,Tropical Wet & Dry,495.63,32.4
213,Arunachal Pradesh,2021,391,33,3,77,3,8,33,16,24,29,19,24,14,15,14,20,25,27,19,31,10,6,41,42,40,62,43,17,59,56,0,58,173,7,21,1,0,0,80,109,13,13,3,0,1,1,33,64,173,76,185,29.1,173,19.1,Winter,Alpine/Cold,15.84,24.7
214,Assam,2021,4524,256,144,569,30,127,1299,589,687,757,709,648,488,393,426,520,526,605,665,645,377,551,820,1187,1034,1323,1014,763,1586,724,0,704,3014,324,855,149,40,90,32,1490,262,638,136,147,222,100,19,1524,3014,2705,4364,38.3,3014,43.1,Winter,Heavy Rainfall,351.07,12.9
215,Bihar,2021,15405,126,71,504,65,405,2657,3832,848,888,839,835,795,811,724,689,732,752,817,823,242,1357,1414,1526,1363,1508,1497,646,3493,1777,0,2390,7660,138,281,264,83,58,652,1476,361,976,317,425,150,2797,1158,6184,7660,3742,5811,39.2,7660,34.7,Monsoon,Tropical Wet & Dry,1239.26,12.4
216,Chandigarh,2021,379,0,1,6,0,17,47,25,20,16,23,15,11,13,19,18,19,16,15,23,22,7,16,28,18,31,42,44,21,0,0,75,96,0,2,0,1,2,0,5,5,4,2,12,4,1,63,91,96,115,93,55.3,96,49.0,Monsoon,Hot & Dry,11.58,32.7
217,Chhattisgarh,2021,17525,330,37,361,175,205,2795,1510,1493,1319,1246,589,523,929,1052,1090,1005,1057,1068,1024,546,810,1047,1807,2224,2415,2480,1066,1665,1092,0,2656,5413,167,1201,58,14,59,2352,3851,80,504,27,13,56,108,774,1562,5413,4902,7493,39.5,5413,51.6,Monsoon,Tropical Wet & Dry,292.36,59.9
218,Dadra and Nagar Haveli and Daman and Diu,2021,274,0,0,3,4,0,48,21,14,15,16,7,7,6,9,9,16,11,7,23,4,3,14,9,22,25,37,26,0,37,0,39,76,9,35,1,0,10,6,61,1,6,1,0,0,1,6,15,76,70,70,50.0,76,63.2,Winter,Coastal/Humid,6.86,39.9
219,Delhi,2021,3185,71,30,278,7,121,453,279,395,374,481,307,243,368,365,432,405,423,442,485,577,371,517,550,540,661,804,700,232,126,5,876,1239,6,32,3,2,1,23,67,54,270,36,6,127,63,616,1172,1239,2452,2268,51.9,1239,36.6,Monsoon,Hot & Dry,190.14,16.8
220,Goa,2021,596,6,0,29,0,0,151,40,301,235,285,210,131,169,199,212,227,252,287,342,237,164,263,402,453,463,521,347,93,32,0,101,226,11,103,10,4,10,42,180,1,25,6,2,7,0,5,46,226,1269,1581,44.5,226,66.8,Winter,Heavy Rainfall,15.86,37.6
221,Gujarat,2021,22052,534,111,1113,86,522,3535,1556,1459,1308,1446,1005,990,1232,1198,1271,1159,1343,1379,1410,798,663,1622,2372,2416,2598,3114,1617,2017,2543,33,2864,7457,241,1622,228,119,288,3057,5555,182,637,60,28,277,252,466,1902,7457,6192,9008,40.7,7457,47.4,Monsoon,Hot & Dry,709.04,31.1
222,Haryana,2021,15492,374,65,700,217,126,1917,1584,810,830,949,876,515,787,812,779,802,1018,949,922,777,835,1166,1168,1239,1547,1955,1362,1846,885,126,2126,4983,141,483,66,50,146,1570,2456,115,397,50,51,162,332,1420,2527,4983,4929,5120,49.0,4983,38.5,Monsoon,Hot & Dry,283.57,54.6
223,Himachal Pradesh,2021,3003,123,23,536,34,5,261,50,209,175,197,205,107,173,213,221,196,254,240,218,122,55,246,315,335,449,574,312,388,137,0,507,1032,31,578,25,23,63,28,748,34,180,13,33,13,6,5,284,1032,1063,1345,44.1,1032,25.3,Monsoon,Alpine/Cold,73.31,41.0
224,Jammu and Kashmir,2021,1539,89,62,293,22,28,198,168,349,389,491,454,395,492,559,524,527,504,523,432,132,164,589,1096,1305,1107,882,364,397,120,1,342,860,30,175,9,8,24,282,528,17,71,13,0,8,14,209,332,860,1542,4097,27.3,860,23.0,Monsoon,Alpine/Cold,133.06,11.6
225,Jharkhand,2021,7369,335,76,494,64,393,1599,552,430,445,383,352,341,371,365,394,365,415,419,448,307,512,639,730,679,783,686,392,1106,1060,0,1347,3513,321,813,248,279,289,98,2048,242,508,140,244,227,95,9,1465,3513,1897,2831,40.1,3513,45.5,Monsoon,Tropical Wet & Dry,382.93,19.2
226,Karnataka,2021,25278,616,173,1311,157,334,5021,2426,3602,3177,3512,2898,1537,2072,2584,2859,2875,2966,3122,3443,1909,1990,3674,5117,5560,5983,6684,3730,3490,2758,0,3790,10038,252,955,275,288,293,5173,7236,249,531,110,96,258,188,1370,2802,10038,14313,20334,41.3,10038,50.0,Monsoon,Tropical Wet & Dry,673.62,37.5
227,Kerala,2021,13886,186,79,323,2,188,1811,840,3562,3324,3431,3095,1041,1502,2097,2421,2616,2894,3104,3672,718,1167,3882,6099,5327,6308,6765,2493,1021,877,0,1531,3429,164,1134,186,181,58,488,2211,95,458,112,79,77,60,337,1218,3429,11143,21616,34.0,3429,52.8,Winter,Heavy Rainfall,354.99,39.1
228,Lakshadweep,2021,6,1,0,0,0,0,0,0,0,0,1,0,0,1,1,1,0,0,0,0,0,0,0,2,0,1,0,1,0,0,0,1,1,0,1,0,0,0,0,1,0,0,0,0,0,0,0,0,1,1,3,25.0,1,0.0,Monsoon,Coastal/Humid,0.73,8.2
229,Madhya Pradesh,2021,40510,1150,383,1934,440,452,6059,2062,5145,4380,4393,2971,2639,4046,3998,3758,3646,4387,4747,4109,2316,2197,4131,7180,8211,8969,9798,5417,3287,3088,0,6105,12480,346,2778,341,224,255,4055,7999,249,1221,296,256,331,208,1920,4481,12480,19728,28491,40.9,12480,48.5,Monsoon,Tropical Wet & Dry,853.58,47.5
230,Maharashtra,2021,58242,1646,256,2104,383,453,7155,1914,2650,2505,2479,1636,1683,2037,2081,2051,2011,2320,2429,2716,1579,1601,2563,3626,4150,4321,5304,3454,3996,3807,87,6021,13911,406,2670,389,111,487,4894,8957,362,1909,198,166,630,390,1299,4954,13911,11938,14660,44.9,13911,51.4,Monsoon,Tropical Wet & Dry,1242.21,46.9
231,Manipur,2021,277,15,3,17,0,1,41,33,33,30,51,36,9,18,16,29,29,25,43,47,14,21,52,45,60,75,69,30,76,21,0,13,110,5,39,0,11,0,25,80,5,14,0,8,0,1,2,30,110,134,232,36.6,110,37.3,Winter,Heavy Rainfall,32.37,8.6
232,Meghalaya,2021,566,22,9,76,0,1,41,38,19,21,27,22,19,17,12,16,25,23,21,22,12,18,25,24,30,58,38,39,118,32,0,37,187,16,58,0,8,19,26,127,7,33,4,3,7,0,6,60,187,107,137,43.9,187,21.9,Monsoon,Heavy Rainfall,32.11,17.6
233,Mizoram,2021,232,14,0,25,1,1,16,7,6,5,7,8,3,8,3,6,2,4,5,7,4,2,9,12,12,12,10,3,23,30,0,11,64,0,41,0,0,5,0,46,0,17,1,0,0,0,0,18,64,19,45,29.7,64,25.0,Monsoon,Heavy Rainfall,12.39,18.7
234,Nagaland,2021,73,7,2,7,0,2,4,1,3,4,5,4,1,1,1,3,2,0,1,0,1,0,5,3,4,5,3,4,10,11,0,2,23,1,15,1,0,0,0,17,0,2,0,0,0,1,3,6,23,8,17,32.0,23,17.4,Summer,Heavy Rainfall,21.89,3.3
235,Odisha,2021,19663,462,171,576,83,194,2440,1155,1100,1030,1098,864,655,824,838,804,830,893,950,1097,544,830,1189,1619,1776,1908,2102,1015,1888,1070,32,2091,5081,121,719,7,164,43,2669,3723,101,76,8,374,6,5,788,1358,5081,4491,6492,40.9,5081,48.0,Monsoon,Tropical Wet & Dry,463.56,42.4
236,Puducherry,2021,917,18,4,44,5,3,48,21,91,97,103,90,37,77,78,84,102,113,72,105,119,127,114,129,132,125,138,165,120,17,0,6,143,46,38,0,0,0,16,100,0,0,0,0,0,0,43,43,143,549,500,52.3,143,33.6,Monsoon,Coastal/Humid,16.73,54.8
237,Punjab,2021,10445,289,81,1140,64,225,1928,789,454,479,514,497,404,438,503,527,513,603,608,557,490,500,666,708,743,962,1135,893,1545,1445,43,1483,4516,309,870,199,94,416,569,2457,200,669,183,164,336,188,319,2059,4516,3018,3079,49.5,4516,42.7,Monsoon,Hot & Dry,303.57,34.4
238,Rajasthan,2021,23197,1326,441,2415,592,177,3595,1497,2143,1907,1986,1683,993,1400,1686,1784,1701,1875,2021,1775,894,1058,2345,2905,3317,4179,4269,1987,3653,1912,18,4460,10043,169,1461,64,19,158,5453,7324,131,720,84,32,323,132,1297,2719,10043,8208,12746,39.2,10043,35.8,Monsoon,Hot & Dry,815.03,28.5
239,Sikkim,2021,233,11,0,42,0,0,5,6,9,17,11,16,11,5,9,11,7,10,11,5,7,8,11,9,17,22,28,20,23,20,0,21,64,2,23,0,0,7,17,49,1,2,2,1,2,4,3,15,64,63,59,51.6,64,7.8,Summer,Alpine/Cold,6.91,33.7
240,Tamil Nadu,2021,28286,1038,551,1998,89,534,8259,2915,5322,5300,5543,4628,2384,3291,4592,4977,4941,4899,4742,5063,1141,2244,6248,8357,8437,10383,14415,4457,5360,5067,2,4955,15384,951,2535,655,1569,913,4041,10664,452,1014,407,944,492,468,943,4720,15384,22257,33425,40.0,15384,53.7,Monsoon,Tropical Wet & Dry,772.34,36.6
241,Telangana,2021,13097,511,68,604,176,390,4082,1726,2068,1821,1849,1578,1346,1605,1662,1869,1662,1948,1874,2033,935,936,2120,3115,3452,4028,4587,2142,2732,864,3,3958,7557,123,1195,71,84,119,3356,4948,166,1184,172,101,124,299,563,2609,7557,8600,12715,40.3,7557,54.0,Monsoon,Tropical Wet & Dry,384.67,34.0
242,Tripura,2021,638,24,1,30,0,19,51,69,46,35,60,47,27,25,30,41,37,36,39,55,4,13,48,85,86,101,101,40,94,61,0,39,194,21,68,8,2,8,35,142,3,18,7,0,7,2,15,52,194,158,320,33.1,194,26.3,Winter,Heavy Rainfall,40.99,15.6
243,Uttar Pradesh,2021,36521,3423,1337,4039,862,1925,7429,2777,3524,2892,2930,2357,2466,2606,2742,2657,2580,2640,3024,3293,3484,3325,3954,4069,4313,5017,5592,3957,7212,5891,965,7724,21792,1455,4176,564,443,725,4931,12294,1178,2969,621,639,649,479,2963,9498,21792,16358,17353,48.5,21792,34.1,Monsoon,Tropical Wet & Dry,2352.88,15.5
244,Uttarakhand,2021,1777,38,16,118,0,12,548,92,143,129,149,92,60,84,117,102,133,111,156,129,107,121,136,198,176,233,261,173,345,172,0,307,824,29,102,24,58,10,312,535,15,65,0,25,5,7,172,289,824,662,743,47.1,824,66.5,Monsoon,Alpine/Cold,115.18,15.4
245,West Bengal,2021,15698,1025,277,1112,120,172,1538,1587,1142,1022,1044,878,722,808,937,968,924,987,1016,1053,841,1014,1208,1740,1680,1893,1915,1210,2111,1400,41,2279,5831,110,785,100,37,119,2542,3693,78,764,46,54,168,86,942,2138,5831,4980,6521,43.3,5831,26.4,Monsoon,Heavy Rainfall,1004.07,15.6
246,Andaman and Nicobar Islands,2022,207,0,7,5,0,0,6,1,10,10,14,17,13,10,6,6,15,14,12,14,6,6,12,15,27,32,20,23,11,2,0,6,19,1,11,0,0,0,2,14,0,0,0,0,0,0,5,5,19,55,86,39.0,19,31.6,Summer,Coastal/Humid,3.97,52.1
247,Andhra Pradesh,2022,16693,659,221,847,89,621,3709,2147,1796,1751,1894,1777,2161,1911,1640,1929,1539,1534,1525,1613,886,1045,2290,3139,3141,3813,4591,2165,3793,1869,0,2631,8293,371,1913,215,298,161,3243,6201,116,657,89,151,59,101,919,2092,8293,8687,12383,41.2,8293,44.7,Monsoon,Tropical Wet & Dry,495.63,33.7
248,Arunachal Pradesh,2022,409,59,1,37,5,0,41,9,23,20,20,12,18,13,27,18,14,17,18,15,11,12,14,25,46,47,36,24,54,16,0,82,152,0,11,0,0,0,59,70,8,19,1,0,0,1,53,82,152,83,132,38.6,152,27.0,Monsoon,Alpine/Cold,15.84,25.8
249,Assam,2022,5057,213,168,537,19,172,1189,762,637,564,610,558,571,488,509,586,574,586,632,713,409,452,903,1063,1143,1156,1133,769,1547,668,0,845,3060,341,826,176,41,116,37,1537,300,500,90,141,276,173,43,1523,3060,2763,4265,39.3,3060,38.9,Monsoon,Heavy Rainfall,351.07,14.4
250,Bihar,2022,16025,213,106,556,473,545,3035,3970,749,760,868,953,1299,1006,902,786,692,857,991,938,485,1117,1602,1700,1405,1784,1865,843,3926,2032,0,2940,8898,340,1274,2258,1543,42,316,5773,183,624,737,738,151,656,36,3125,8898,4310,6491,39.9,8898,34.1,Monsoon,Tropical Wet & Dry,1239.26,12.9
251,Chandigarh,2022,287,0,1,0,0,5,40,37,12,27,24,20,16,24,16,18,31,18,17,15,36,8,16,18,25,36,35,64,9,0,0,74,83,0,0,0,0,0,0,0,4,5,2,0,10,8,54,83,83,143,95,60.1,83,48.2,Monsoon,Hot & Dry,11.58,24.8
252,Chhattisgarh,2022,16893,408,76,455,160,40,3606,1145,1241,1194,1069,1100,1205,1133,1032,1012,880,1025,1156,1044,442,493,1099,1875,2059,2500,3215,1408,1861,1001,0,3028,5890,185,1166,82,56,94,2964,4547,121,469,87,19,42,149,456,1343,5890,5558,7533,42.5,5890,61.2,Monsoon,Tropical Wet & Dry,292.36,57.8
253,Dadra and Nagar Haveli and Daman and Diu,2022,309,1,1,7,0,3,42,26,9,6,16,14,12,15,13,23,14,13,17,23,8,1,15,27,17,37,44,26,1,33,0,46,80,5,37,3,2,6,4,57,1,11,0,0,0,7,4,23,80,79,96,45.1,80,52.5,Monsoon,Coastal/Humid,6.86,45.0
254,Delhi,2022,3648,89,36,316,3,73,631,313,416,420,446,516,476,458,483,453,414,489,480,509,626,528,609,667,776,692,828,834,157,129,0,1175,1461,1,20,0,0,2,26,49,65,323,31,56,105,92,740,1412,1461,2816,2744,50.6,1461,43.2,Monsoon,Hot & Dry,190.14,19.2
255,Goa,2022,696,4,3,26,1,0,180,60,260,251,275,242,324,239,238,182,234,251,232,284,286,152,260,393,471,457,619,374,121,37,0,116,274,14,144,10,6,11,38,223,8,21,1,5,2,0,14,51,274,1431,1581,47.5,274,65.7,Monsoon,Heavy Rainfall,15.86,43.9
256,Gujarat,2022,22410,569,99,1236,64,411,3754,1501,1356,1365,1358,1386,1530,1343,1065,1141,1160,1406,1259,1408,957,817,1727,2333,2477,2596,3167,1703,2029,2163,64,3378,7634,156,1064,96,26,361,3601,5304,152,727,68,72,283,284,744,2330,7634,6644,9133,42.1,7634,49.2,Monsoon,Hot & Dry,709.04,31.6
257,Haryana,2022,16041,277,103,660,53,153,2182,1800,739,811,1020,950,953,804,886,857,862,900,867,1005,1048,801,1217,1330,1250,1554,2153,1301,2083,922,107,2116,5228,223,588,179,64,165,1821,3040,124,424,80,65,238,138,1119,2188,5228,5303,5351,49.8,5228,41.7,Monsoon,Hot & Dry,283.57,56.6
258,Himachal Pradesh,2022,2834,121,41,473,21,17,240,66,163,160,195,219,207,231,186,217,247,235,200,224,156,169,211,299,364,426,548,311,393,214,0,372,979,40,446,36,38,58,23,641,8,250,14,11,23,32,0,338,979,1184,1300,47.7,979,24.5,Monsoon,Alpine/Cold,73.31,38.7
259,Jammu and Kashmir,2022,1786,119,89,292,30,13,213,148,334,445,532,544,706,598,620,525,523,608,480,443,130,239,774,1215,1440,1269,971,320,424,100,0,380,904,23,169,21,10,23,314,560,31,118,8,5,14,17,151,344,904,1660,4698,26.1,904,23.6,Monsoon,Alpine/Cold,133.06,13.4
260,Jharkhand,2022,7772,276,102,473,40,660,1929,418,393,417,433,430,492,423,454,391,379,429,444,490,330,390,686,769,823,933,833,411,1699,812,0,1387,3898,343,747,525,690,421,153,2879,158,278,165,158,164,81,15,1019,3898,1964,3211,38.0,3898,49.5,Monsoon,Tropical Wet & Dry,382.93,20.3
261,Karnataka,2022,29090,747,297,1545,113,408,5742,2853,3225,3318,3506,3313,3635,3308,3006,3118,2962,3358,3372,3644,2246,3119,4018,5628,5780,6233,7424,5317,4201,3276,0,4228,11705,301,883,216,180,180,6220,7980,303,647,98,141,154,444,1938,3725,11705,18106,21659,45.5,11705,49.1,Monsoon,Tropical Wet & Dry,673.62,43.2
262,Kerala,2022,15119,245,160,586,14,280,2042,990,3862,3350,3781,3626,3673,3668,3283,3318,3542,3628,3817,4044,1021,1426,5240,7790,6613,8543,9089,3870,1281,1050,0,1986,4317,269,1679,242,82,70,688,3030,200,550,110,103,83,97,144,1287,4317,15406,28186,35.3,4317,47.3,Monsoon,Heavy Rainfall,354.99,42.6
263,Lakshadweep,2022,8,0,0,0,0,0,2,0,2,0,0,0,0,1,0,1,0,0,0,0,0,0,0,2,0,0,2,0,0,0,0,2,2,0,2,0,0,0,0,2,0,0,0,0,0,0,0,0,2,2,2,50.0,2,100.0,Winter,Coastal/Humid,0.73,11.0
264,Madhya Pradesh,2022,43726,1336,380,2064,482,598,6669,2389,4621,4369,4636,4559,5179,4282,3921,3951,3636,4308,4527,3976,2935,2234,4560,7508,8837,9568,9907,6416,3673,3509,0,6736,13918,338,3123,340,210,312,4599,8922,309,1525,308,231,359,530,1734,4996,13918,21492,30473,41.4,13918,47.9,Monsoon,Tropical Wet & Dry,853.58,51.2
265,Maharashtra,2022,66656,1651,320,2305,302,630,8199,2341,2581,2551,2665,2577,2956,2667,2230,2191,2103,2443,2826,2756,2010,1876,2829,4100,4467,5218,6095,3951,4833,4098,88,6729,15748,596,2886,321,279,569,5033,9684,511,2485,284,188,512,600,1484,6064,15748,13932,16614,45.6,15748,52.1,Monsoon,Tropical Wet & Dry,1242.21,53.7
266,Manipur,2022,353,13,11,19,0,4,38,42,33,37,56,32,33,44,49,33,40,57,50,44,17,3,48,96,67,91,117,69,71,21,0,35,127,2,45,1,10,2,20,80,8,19,0,11,0,6,3,47,127,206,302,40.6,127,29.9,Monsoon,Heavy Rainfall,32.37,10.9
267,Meghalaya,2022,590,28,7,57,1,9,50,10,21,27,21,22,26,20,16,17,20,15,17,24,13,9,24,48,29,51,41,31,88,26,0,48,162,17,61,11,16,3,4,112,3,35,2,4,5,0,1,50,162,94,152,38.2,162,30.9,Monsoon,Heavy Rainfall,32.11,18.4
268,Mizoram,2022,319,26,0,31,1,13,10,2,10,9,4,6,7,6,4,3,6,4,4,8,1,3,14,15,18,6,13,1,50,31,0,2,83,1,59,0,0,0,0,60,0,23,0,0,0,0,0,23,83,18,53,25.4,83,12.0,Winter,Heavy Rainfall,12.39,25.7
269,Nagaland,2022,55,8,0,6,0,7,0,1,4,2,3,4,1,1,1,2,1,4,0,1,3,1,6,4,3,2,2,3,13,5,0,4,22,0,12,0,0,0,5,17,1,2,0,0,0,2,0,5,22,9,15,37.5,22,0.0,Summer,Heavy Rainfall,21.89,2.5
270,Odisha,2022,21013,494,134,617,0,181,2384,1660,943,827,1065,929,1112,1025,894,867,840,896,1099,1166,629,741,1252,1753,1767,2112,2279,1130,1998,1272,50,2150,5470,142,283,2,339,278,1345,2389,156,424,3,469,13,891,1125,3081,5470,4779,6884,41.0,5470,43.6,Monsoon,Tropical Wet & Dry,463.56,45.3
271,Puducherry,2022,1064,35,7,19,2,3,85,30,90,112,93,82,109,93,92,86,104,109,109,102,32,35,144,157,199,202,261,151,71,10,0,100,181,61,46,0,0,0,39,146,0,0,0,0,0,0,35,35,181,479,702,40.6,181,47.0,Monsoon,Coastal/Humid,16.73,63.6
272,Punjab,2022,11126,207,57,1101,70,149,2099,1005,432,421,548,522,488,484,485,531,471,578,565,597,383,450,721,737,850,949,1140,892,1590,1272,27,1799,4688,308,1109,174,87,221,780,2679,210,569,158,131,245,157,539,2009,4688,2865,3257,46.8,4688,44.8,Monsoon,Hot & Dry,303.57,36.7
273,Rajasthan,2022,26449,1215,339,2577,561,199,4062,2150,1958,1957,2012,1980,2217,1978,1847,1733,1900,2102,2156,1780,933,902,2534,3379,3811,4496,5147,2418,3997,2395,29,4682,11103,220,2040,60,24,190,5214,7748,127,802,53,81,255,180,1857,3355,11103,9400,14220,39.8,11103,36.6,Monsoon,Hot & Dry,815.03,32.5
274,Sikkim,2022,310,39,1,40,0,0,8,10,14,16,21,19,20,22,12,22,8,11,18,16,18,9,17,28,29,37,40,21,28,25,0,45,98,1,42,3,0,0,39,85,0,4,0,1,0,0,8,13,98,88,111,44.2,98,8.2,Monsoon,Alpine/Cold,6.91,44.9
275,Tamil Nadu,2022,29115,251,213,1051,81,267,11140,4881,4972,5115,5771,5305,5546,5704,5518,5560,5321,5628,4515,5150,1624,2737,7397,9202,9107,11506,16285,6247,5978,6364,0,5542,17884,598,2209,506,1068,792,7574,12747,286,780,180,1004,604,100,2183,5137,17884,26893,37212,42.0,17884,62.3,Monsoon,Tropical Wet & Dry,772.34,37.7
276,Telangana,2022,12710,397,98,588,221,334,3977,1944,1754,1894,1819,1678,2009,1908,1657,1657,1525,1737,1859,2122,1094,952,2163,2988,3312,4051,4544,2515,3006,820,4,3729,7559,294,1143,64,118,55,3182,4856,132,796,278,123,116,401,857,2703,7559,9105,12514,42.1,7559,52.6,Monsoon,Tropical Wet & Dry,384.67,33.0
277,Tripura,2022,635,21,2,18,0,14,92,94,60,42,55,49,41,42,53,52,48,48,46,39,12,16,54,104,93,100,123,73,105,77,0,59,241,9,123,4,10,4,15,165,6,47,2,0,2,0,19,76,241,224,351,39.0,241,38.2,Monsoon,Heavy Rainfall,40.99,15.5
278,Uttar Pradesh,2022,42930,4109,1744,4337,1015,1658,8305,2941,3486,2896,3058,2945,3228,3006,3006,2789,2568,2817,3389,3687,3941,3886,3937,4299,4580,5213,6154,4865,8236,6070,1310,8493,24109,1770,4934,686,347,788,5488,14013,1354,2866,487,479,705,691,3514,10096,24109,18846,18029,51.1,24109,34.4,Monsoon,Tropical Wet & Dry,2352.88,18.2
279,Uttarakhand,2022,2675,73,58,259,10,23,421,198,110,101,148,158,140,163,140,143,116,145,150,160,122,141,207,244,235,248,243,234,464,296,0,282,1042,38,261,24,30,10,183,546,42,286,13,50,31,7,67,496,1042,740,934,44.2,1042,40.4,Monsoon,Alpine/Cold,115.18,23.2
280,West Bengal,2022,15494,1184,329,946,125,211,1754,1239,868,816,904,858,895,882,884,839,884,963,913,929,838,910,1193,1523,1495,1556,1699,1421,1882,1388,101,2417,5788,274,1406,59,42,114,2056,3951,87,564,54,25,96,51,960,1837,5788,4868,5767,45.8,5788,30.3,Monsoon,Heavy Rainfall,1004.07,15.4
